model_name;learning_rate;batch_size;optimizer;loss_function;img_size;target_feature;augument;filter;epochs;train_dataset_size;test_dataset_size;target_ratio_train_mean;test_positives_mean;target_ratio_test_mean;accuracy_min;accuracy_max;accuracy_mean;auc_min;auc_max;auc_mean;sensitivity_min;sensitivity_max;sensitivity_mean;specificity_min;specificity_max;specificity_mean;precision_min;precision_max;precision_mean;threshold_min;threshold_max;threshold_mean;run_date;elapsed_mins;iterations;status
ResNet101;0.0005;8;Adam;categorical_crossentropy;180;cancer;0;none;100;366;48;0.59;29.0;0.6;0.62;0.62;0.62;0.57;0.57;0.57;0.72;0.72;0.72;0.47;0.47;0.47;0.68;0.68;0.68;0.7490424;0.7490424;0.7490424;20231212_2152;8;1;OK
ResNet101;0.0005;8;SGD;categorical_crossentropy;180;cancer;0;none;100;366;48;0.59;29.0;0.6;0.69;0.69;0.69;0.62;0.62;0.62;0.69;0.69;0.69;0.68;0.68;0.68;0.77;0.77;0.77;0.4972293;0.4972293;0.4972293;20231212_2205;7;1;OK
ResNet101;0.0005;16;Adam;categorical_crossentropy;180;cancer;0;none;100;366;48;0.59;29.0;0.6;0.58;0.58;0.58;0.58;0.58;0.58;0.38;0.38;0.38;0.89;0.89;0.89;0.85;0.85;0.85;0.9767968;0.9767968;0.9767968;20231212_2217;7;1;OK
ResNet101;0.0005;16;SGD;categorical_crossentropy;180;cancer;0;none;100;366;48;0.59;29.0;0.6;0.73;0.73;0.73;0.76;0.76;0.76;0.79;0.79;0.79;0.63;0.63;0.63;0.77;0.77;0.77;0.5672878;0.5672878;0.5672878;20231212_2225;7;1;OK
ResNet101;0.0005;32;Adam;categorical_crossentropy;180;cancer;0;none;100;366;48;0.59;29.0;0.6;0.44;0.44;0.44;0.43;0.43;0.43;0.41;0.41;0.41;0.47;0.47;0.47;0.55;0.55;0.55;0.5695676;0.5695676;0.5695676;20231212_2232;4;1;OK
ResNet101;0.0005;32;SGD;categorical_crossentropy;180;cancer;0;none;100;366;48;0.59;29.0;0.6;0.46;0.46;0.46;0.39;0.39;0.39;0.34;0.34;0.34;0.63;0.63;0.63;0.59;0.59;0.59;0.5273659;0.5273659;0.5273659;20231212_2239;4;1;OK
ResNet101;0.005;8;Adam;categorical_crossentropy;180;cancer;0;none;100;366;48;0.59;29.0;0.6;0.71;0.71;0.71;0.61;0.61;0.61;0.9;0.9;0.9;0.42;0.42;0.42;0.7;0.7;0.7;0.55995244;0.55995244;0.55995244;20231212_2046;9;1;OK
ResNet101;0.005;8;SGD;categorical_crossentropy;180;cancer;0;none;100;366;48;0.59;29.0;0.6;0.69;0.69;0.69;0.67;0.67;0.67;0.69;0.69;0.69;0.68;0.68;0.68;0.77;0.77;0.77;0.7681449;0.7681449;0.7681449;20231212_2100;8;1;OK
ResNet101;0.005;16;Adam;binary_crossentropy;180;cancer;0;none;100;366;48;0.59;29.0;0.6;0.4;0.65;0.5383333333333333;0.5;0.57;0.5383333333333333;0.0;0.79;0.4366666666666667;0.42;1.0;0.6933333333333334;0.0;0.71;0.4583333333333333;0.48127;1.0;0.7182293633333333;20240224_0456;32;6;OK
ResNet101;0.005;16;Adam;categorical_crossentropy;180;cancer;0;none;100;366;48;0.59;29.0;0.6;0.4;0.67;0.48714285714285716;0.37;0.6;0.5071428571428571;0.0;0.72;0.26999999999999996;0.32;1.0;0.812857142857143;0.0;0.74;0.3;0.6094169;1.0;0.8392451771428571;20240224_0245;29;5;OK
ResNet101;0.005;16;Adam;categorical_hinge;180;cancer;0;none;100;366;48;0.59;29.0;0.6;0.4;0.46;0.41;0.46;0.5;0.49333333333333335;0.0;0.28;0.04666666666666667;0.74;1.0;0.9566666666666667;0.0;0.62;0.10333333333333333;1.0;8.1379313035;2.18965521725;20240224_0529;18;6;OK
ResNet101;0.005;16;Adam;focal_loss;180;cancer;0;none;100;366;48;0.59;29.0;0.6;0.4;0.4;0.4000000000000001;0.5;0.5;0.5;0.0;0.0;0.0;1.0;1.0;1.0;0.0;0.0;0.0;1.0;1.0;1.0;20240224_0435;19;6;OK
ResNet101;0.005;16;Adam;kl_divergence;180;cancer;0;none;100;366;48;0.59;29.0;0.6;0.4;0.4;0.4;0.5;0.5;0.5;0.0;0.0;0.0;1.0;1.0;1.0;0.0;0.0;0.0;1.0;1.0;1.0;20240224_0225;15;5;OK
ResNet101;0.005;16;Adam;squared_hinge;180;cancer;0;none;100;366;48;0.59;29.0;0.6;0.4;0.52;0.42;0.47;0.5;0.49499999999999994;0.0;0.31;0.051666666666666666;0.84;1.0;0.9733333333333333;0.0;0.75;0.125;1.0;4.2583933035;1.5430655505833333;20240224_0514;18;6;OK
ResNet101;0.005;16;SGD;binary_crossentropy;180;cancer;0;none;100;366;48;0.59;29.0;0.6;0.46;0.69;0.5880000000000001;0.36;0.64;0.522;0.38;0.76;0.572;0.58;0.74;0.6119999999999999;0.58;0.73;0.6839999999999999;0.51654917;0.58227134;0.537860212;20240224_0319;19;5;OK
ResNet101;0.005;16;SGD;categorical_crossentropy;180;cancer;0;none;100;366;48;0.59;29.0;0.6;0.58;0.73;0.6383333333333333;0.49;0.69;0.5883333333333333;0.55;0.93;0.7016666666666667;0.32;0.74;0.545;0.67;0.78;0.7066666666666667;0.6006557;0.844714;0.6935868350000001;20240224_0416;27;5;OK
ResNet101;0.005;16;SGD;categorical_hinge;180;cancer;0;none;100;366;48;0.59;29.0;0.6;0.46;0.58;0.5359999999999999;0.45;0.54;0.5;0.34;0.66;0.496;0.47;0.74;0.6;0.58;0.74;0.654;0.61366516;0.7436283;0.667650682;20240224_0346;15;5;OK
ResNet101;0.005;16;SGD;focal_loss;180;cancer;0;none;100;366;48;0.59;29.0;0.6;0.54;0.65;0.602;0.51;0.62;0.558;0.48;0.97;0.678;0.11;0.63;0.496;0.62;0.73;0.678;0.50915515;1.0;0.62686771;20240224_0306;22;5;OK
ResNet101;0.005;16;SGD;kl_divergence;180;cancer;0;none;100;366;48;0.59;29.0;0.6;0.58;0.71;0.6359999999999999;0.53;0.72;0.616;0.52;0.69;0.6359999999999999;0.53;0.74;0.6439999999999999;0.68;0.8;0.732;0.57170683;0.7046958;0.64329986;20240224_0401;26;5;OK
ResNet101;0.005;16;SGD;squared_hinge;180;cancer;0;none;100;366;48;0.59;29.0;0.6;0.52;0.65;0.5900000000000001;0.41;0.62;0.5;0.48;0.93;0.682;0.21;0.68;0.45199999999999996;0.62;0.74;0.662;0.504548;0.6528563;0.589158418;20240224_0333;15;5;OK
ResNet101;0.005;32;Adam;categorical_crossentropy;180;cancer;0;none;100;366;48;0.59;29.0;0.6;0.6;0.6;0.6;0.58;0.58;0.58;0.55;0.55;0.55;0.68;0.68;0.68;0.73;0.73;0.73;0.15351608;0.15351608;0.15351608;20231212_2133;6;1;OK
ResNet101;0.005;32;SGD;categorical_crossentropy;180;cancer;0;none;100;366;48;0.59;29.0;0.6;0.6;0.6;0.6;0.6;0.6;0.6;0.62;0.62;0.62;0.58;0.58;0.58;0.69;0.69;0.69;0.75362724;0.75362724;0.75362724;20231212_2142;6;1;OK
ResNet101;0.01;8;Adam;categorical_crossentropy;180;cancer;0;none;100;366;48;0.59;29.0;0.6;0.58;0.58;0.58;0.52;0.52;0.52;0.66;0.66;0.66;0.47;0.47;0.47;0.66;0.66;0.66;0.6342374;0.6342374;0.6342374;20231212_1942;8;1;OK
ResNet101;0.01;8;SGD;categorical_crossentropy;180;cancer;0;none;100;366;48;0.59;29.0;0.6;0.65;0.65;0.65;0.65;0.65;0.65;0.66;0.66;0.66;0.63;0.63;0.63;0.73;0.73;0.73;0.7209741;0.7209741;0.7209741;20231212_1954;8;1;OK
ResNet101;0.01;16;Adam;categorical_crossentropy;180;cancer;0;none;100;366;48;0.59;29.0;0.6;0.58;0.58;0.58;0.53;0.53;0.53;0.72;0.72;0.72;0.37;0.37;0.37;0.64;0.64;0.64;0.6411136;0.6411136;0.6411136;20231212_2005;6;1;OK
ResNet101;0.01;16;SGD;categorical_crossentropy;180;cancer;0;none;100;366;48;0.59;29.0;0.6;0.54;0.54;0.54;0.49;0.49;0.49;0.55;0.55;0.55;0.53;0.53;0.53;0.64;0.64;0.64;0.99209964;0.99209964;0.99209964;20231212_2017;7;1;OK
ResNet101;0.01;32;Adam;categorical_crossentropy;180;cancer;0;none;100;366;48;0.59;29.0;0.6;0.65;0.65;0.65;0.59;0.59;0.59;0.76;0.76;0.76;0.47;0.47;0.47;0.69;0.69;0.69;0.20351532;0.20351532;0.20351532;20231212_2028;7;1;OK
ResNet101;0.01;32;SGD;categorical_crossentropy;180;cancer;0;none;100;366;48;0.59;29.0;0.6;0.52;0.52;0.52;0.41;0.41;0.41;0.55;0.55;0.55;0.47;0.47;0.47;0.62;0.62;0.62;0.5563573;0.5563573;0.5563573;20231212_2035;4;1;OK
ResNet152;0.0005;8;Adam;categorical_crossentropy;180;cancer;0;none;100;366;48;0.59;29.0;0.6;0.58;0.58;0.58;0.59;0.59;0.59;0.55;0.55;0.55;0.63;0.63;0.63;0.7;0.7;0.7;0.9180819;0.9180819;0.9180819;20231212_2159;13;1;OK
ResNet152;0.0005;8;SGD;categorical_crossentropy;180;cancer;0;none;100;366;48;0.59;29.0;0.6;0.67;0.67;0.67;0.62;0.62;0.62;0.79;0.79;0.79;0.47;0.47;0.47;0.7;0.7;0.7;0.68505055;0.68505055;0.68505055;20231212_2211;12;1;OK
ResNet152;0.0005;16;Adam;categorical_crossentropy;180;cancer;0;none;100;366;48;0.59;29.0;0.6;0.52;0.52;0.52;0.45;0.45;0.45;0.59;0.59;0.59;0.42;0.42;0.42;0.61;0.61;0.61;0.60116875;0.60116875;0.60116875;20231212_2220;7;1;OK
ResNet152;0.0005;16;SGD;categorical_crossentropy;180;cancer;0;none;100;366;48;0.59;29.0;0.6;0.56;0.56;0.56;0.54;0.54;0.54;0.45;0.45;0.45;0.74;0.74;0.74;0.72;0.72;0.72;0.5036432;0.5036432;0.5036432;20231212_2229;6;1;OK
ResNet152;0.0005;32;Adam;categorical_crossentropy;180;cancer;0;none;100;366;48;0.59;29.0;0.6;0.62;0.62;0.62;0.56;0.56;0.56;0.72;0.72;0.72;0.47;0.47;0.47;0.68;0.68;0.68;0.53367424;0.53367424;0.53367424;20231212_2236;6;1;OK
ResNet152;0.0005;32;SGD;categorical_crossentropy;180;cancer;0;none;100;366;48;0.59;29.0;0.6;0.62;0.62;0.62;0.57;0.57;0.57;0.55;0.55;0.55;0.74;0.74;0.74;0.76;0.76;0.76;0.51300836;0.51300836;0.51300836;20231212_2243;8;1;OK
ResNet152;0.005;8;Adam;categorical_crossentropy;180;cancer;0;none;100;366;48;0.59;29.0;0.6;0.67;0.67;0.67;0.57;0.57;0.57;0.79;0.79;0.79;0.47;0.47;0.47;0.7;0.7;0.7;0.48805758;0.48805758;0.48805758;20231212_2053;13;1;OK
ResNet152;0.005;8;SGD;categorical_crossentropy;180;cancer;0;none;100;366;48;0.59;29.0;0.6;0.56;0.56;0.56;0.52;0.52;0.52;0.59;0.59;0.59;0.53;0.53;0.53;0.65;0.65;0.65;0.9244073;0.9244073;0.9244073;20231212_2106;12;1;OK
ResNet152;0.005;16;Adam;binary_crossentropy;180;cancer;0;none;100;366;48;0.59;29.0;0.6;0.4;0.69;0.615;0.5;0.65;0.5733333333333334;0.0;0.79;0.615;0.47;1.0;0.615;0.0;0.73;0.59;0.2559237;1.0;0.6596386333333334;20240224_0501;48;6;OK
ResNet152;0.005;16;Adam;categorical_crossentropy;180;cancer;0;none;100;366;48;0.59;29.0;0.6;0.4;0.65;0.5085714285714286;0.5;0.59;0.5371428571428571;0.0;0.76;0.32;0.42;1.0;0.79;0.0;1.0;0.44;0.4927312;1.0;0.8093821885714286;20240224_0250;48;5;OK
ResNet152;0.005;16;Adam;categorical_hinge;180;cancer;0;none;100;366;48;0.59;29.0;0.6;0.4;0.4;0.4000000000000001;0.5;0.5;0.5;0.0;0.0;0.0;1.0;1.0;1.0;0.0;0.0;0.0;1.0;1.0;1.0;20240224_0531;30;6;OK
ResNet152;0.005;16;Adam;focal_loss;180;cancer;0;none;100;366;48;0.59;29.0;0.6;0.4;0.4;0.4000000000000001;0.5;0.5;0.5;0.0;0.0;0.0;1.0;1.0;1.0;0.0;0.0;0.0;1.0;1.0;1.0;20240224_0438;30;6;OK
ResNet152;0.005;16;Adam;kl_divergence;180;cancer;0;none;100;366;48;0.59;29.0;0.6;0.4;0.4;0.4;0.5;0.5;0.5;0.0;0.0;0.0;1.0;1.0;1.0;0.0;0.0;0.0;1.0;1.0;1.0;20240224_0227;24;5;OK
ResNet152;0.005;16;Adam;squared_hinge;180;cancer;0;none;100;366;48;0.59;29.0;0.6;0.4;0.5;0.4166666666666667;0.39;0.5;0.4816666666666667;0.0;0.55;0.09166666666666667;0.42;1.0;0.9033333333333333;0.0;0.59;0.09833333333333333;1.0;2.298105037;1.2163508395;20240224_0516;30;6;OK
ResNet152;0.005;16;SGD;binary_crossentropy;180;cancer;0;none;100;366;48;0.59;29.0;0.6;0.56;0.65;0.5980000000000001;0.54;0.63;0.5820000000000001;0.45;0.72;0.572;0.47;0.79;0.642;0.67;0.8;0.718;0.410333;0.6175298;0.530319042;20240224_0322;20;5;OK
ResNet152;0.005;16;SGD;categorical_crossentropy;180;cancer;0;none;100;366;48;0.59;29.0;0.6;0.58;0.69;0.63;0.52;0.64;0.5850000000000001;0.55;0.72;0.6716666666666667;0.47;0.74;0.57;0.66;0.76;0.7083333333333334;0.31710202;0.6799246;0.5308304183333333;20240224_0421;46;5;OK
ResNet152;0.005;16;SGD;categorical_hinge;180;cancer;0;none;100;366;48;0.59;29.0;0.6;0.52;0.67;0.5900000000000001;0.44;0.58;0.49800000000000005;0.55;0.79;0.688;0.26;0.58;0.442;0.62;0.72;0.656;0.6350434;0.73823667;0.686695064;20240224_0349;20;5;OK
ResNet152;0.005;16;SGD;focal_loss;180;cancer;0;none;100;366;48;0.59;29.0;0.6;0.6;0.69;0.63;0.54;0.66;0.5700000000000001;0.66;0.76;0.718;0.42;0.58;0.506;0.67;0.73;0.6900000000000001;0.38174656;0.534424;0.48413069200000003;20240224_0308;30;5;OK
ResNet152;0.005;16;SGD;kl_divergence;180;cancer;0;none;100;366;48;0.59;29.0;0.6;0.56;0.65;0.5980000000000001;0.53;0.59;0.558;0.55;0.79;0.6140000000000001;0.42;0.63;0.5780000000000001;0.67;0.71;0.694;0.23852962;0.6484418;0.494462972;20240224_0404;26;5;OK
ResNet152;0.005;16;SGD;squared_hinge;180;cancer;0;none;100;366;48;0.59;29.0;0.6;0.46;0.67;0.586;0.37;0.6;0.506;0.31;0.86;0.6;0.26;0.79;0.568;0.6;0.76;0.6799999999999999;0.33426923;0.89199054;0.6284121739999999;20240224_0335;25;5;OK
ResNet152;0.005;32;Adam;categorical_crossentropy;180;cancer;0;none;100;366;48;0.59;29.0;0.6;0.46;0.46;0.46;0.39;0.39;0.39;0.48;0.48;0.48;0.42;0.42;0.42;0.56;0.56;0.56;0.44205144;0.44205144;0.44205144;20231212_2138;10;1;OK
ResNet152;0.005;32;SGD;categorical_crossentropy;180;cancer;0;none;100;366;48;0.59;29.0;0.6;0.56;0.56;0.56;0.48;0.48;0.48;0.62;0.62;0.62;0.47;0.47;0.47;0.64;0.64;0.64;0.54123056;0.54123056;0.54123056;20231212_2145;5;1;OK
ResNet152;0.01;8;Adam;categorical_crossentropy;180;cancer;0;none;100;366;48;0.59;29.0;0.6;0.4;0.4;0.4;0.5;0.5;0.5;0.0;0.0;0.0;1.0;1.0;1.0;0.0;0.0;0.0;1.0;1.0;1.0;20231212_1947;8;1;OK
ResNet152;0.01;8;SGD;categorical_crossentropy;180;cancer;0;none;100;366;48;0.59;29.0;0.6;0.6;0.6;0.6;0.59;0.59;0.59;0.62;0.62;0.62;0.58;0.58;0.58;0.69;0.69;0.69;0.92776316;0.92776316;0.92776316;20231212_2000;12;1;OK
ResNet152;0.01;16;Adam;categorical_crossentropy;180;cancer;0;none;100;366;48;0.59;29.0;0.6;0.6;0.6;0.6;0.61;0.61;0.61;0.66;0.66;0.66;0.53;0.53;0.53;0.68;0.68;0.68;0.6399521;0.6399521;0.6399521;20231212_2011;10;1;OK
ResNet152;0.01;16;SGD;categorical_crossentropy;180;cancer;0;none;100;366;48;0.59;29.0;0.6;0.5;0.5;0.5;0.46;0.46;0.46;0.52;0.52;0.52;0.47;0.47;0.47;0.6;0.6;0.6;0.9561331;0.9561331;0.9561331;20231212_2022;10;1;OK
ResNet152;0.01;32;Adam;categorical_crossentropy;180;cancer;0;none;100;366;48;0.59;29.0;0.6;0.44;0.44;0.44;0.45;0.45;0.45;0.28;0.28;0.28;0.68;0.68;0.68;0.57;0.57;0.57;0.5727423;0.5727423;0.5727423;20231212_2032;8;1;OK
ResNet152;0.01;32;SGD;categorical_crossentropy;180;cancer;0;none;100;366;48;0.59;29.0;0.6;0.58;0.58;0.58;0.56;0.56;0.56;0.62;0.62;0.62;0.53;0.53;0.53;0.67;0.67;0.67;0.51168764;0.51168764;0.51168764;20231212_2038;6;1;OK
ResNet50;0.0005;8;Adam;categorical_crossentropy;180;cancer;0;none;100;366;48;0.59;29.0;0.6;0.65;0.65;0.65;0.67;0.67;0.67;0.62;0.62;0.62;0.68;0.68;0.68;0.75;0.75;0.75;0.37564865;0.37564865;0.37564865;20231212_2148;5;1;OK
ResNet50;0.0005;8;SGD;categorical_crossentropy;180;cancer;0;none;100;366;48;0.59;29.0;0.6;0.62;0.62;0.62;0.63;0.63;0.63;0.69;0.69;0.69;0.53;0.53;0.53;0.69;0.69;0.69;0.56090117;0.56090117;0.56090117;20231212_2202;5;1;OK
ResNet50;0.0005;16;Adam;categorical_crossentropy;180;cancer;0;none;100;366;48;0.59;29.0;0.6;0.56;0.56;0.56;0.55;0.55;0.55;0.45;0.45;0.45;0.74;0.74;0.74;0.72;0.72;0.72;0.5494325;0.5494325;0.5494325;20231212_2213;2;1;OK
ResNet50;0.0005;16;SGD;categorical_crossentropy;180;cancer;0;none;100;366;48;0.59;29.0;0.6;0.62;0.62;0.62;0.56;0.56;0.56;0.59;0.59;0.59;0.68;0.68;0.68;0.74;0.74;0.74;0.5182463;0.5182463;0.5182463;20231212_2222;2;1;OK
ResNet50;0.0005;32;Adam;categorical_crossentropy;180;cancer;0;none;100;366;48;0.59;29.0;0.6;0.6;0.6;0.6;0.55;0.55;0.55;0.66;0.66;0.66;0.53;0.53;0.53;0.68;0.68;0.68;0.5323775;0.5323775;0.5323775;20231212_2230;2;1;OK
ResNet50;0.0005;32;SGD;categorical_crossentropy;180;cancer;0;none;100;366;48;0.59;29.0;0.6;0.6;0.6;0.6;0.57;0.57;0.57;0.66;0.66;0.66;0.53;0.53;0.53;0.68;0.68;0.68;0.5081932;0.5081932;0.5081932;20231212_2237;2;1;OK
ResNet50;0.005;8;Adam;categorical_crossentropy;180;cancer;0;none;100;366;48;0.59;29.0;0.6;0.65;0.65;0.65;0.65;0.65;0.65;0.55;0.55;0.55;0.79;0.79;0.79;0.8;0.8;0.8;0.7649975;0.7649975;0.7649975;20231212_2041;5;1;OK
ResNet50;0.005;8;SGD;categorical_crossentropy;180;cancer;0;none;100;366;48;0.59;29.0;0.6;0.65;0.65;0.65;0.62;0.62;0.62;0.55;0.55;0.55;0.79;0.79;0.79;0.8;0.8;0.8;0.91963524;0.91963524;0.91963524;20231212_2055;5;1;OK
ResNet50;0.005;16;Adam;binary_crossentropy;180;cancer;0;none;100;366;48;0.59;29.0;0.6;0.54;0.6;0.5733333333333334;0.46;0.6;0.5466666666666667;0.52;0.66;0.5766666666666667;0.37;0.74;0.58;0.61;0.75;0.68;0.0005992023;0.93773335;0.62462769705;20240224_0452;17;6;OK
ResNet50;0.005;16;Adam;categorical_crossentropy;180;cancer;0;none;100;366;48;0.59;29.0;0.6;0.4;0.67;0.5014285714285714;0.4;0.58;0.5042857142857143;0.0;0.86;0.3457142857142857;0.37;1.0;0.7371428571428572;0.0;0.71;0.37857142857142856;0.37687784;1.0;0.7951514257142858;20240224_0243;16;5;OK
ResNet50;0.005;16;Adam;categorical_hinge;180;cancer;0;none;100;366;48;0.59;29.0;0.6;0.4;0.4;0.4000000000000001;0.5;0.5;0.5;0.0;0.0;0.0;1.0;1.0;1.0;0.0;0.0;0.0;1.0;1.0;1.0;20240224_0527;12;6;OK
ResNet50;0.005;16;Adam;focal_loss;180;cancer;0;none;100;366;48;0.59;29.0;0.6;0.4;0.4;0.4000000000000001;0.5;0.5;0.5;0.0;0.0;0.0;1.0;1.0;1.0;0.0;0.0;0.0;1.0;1.0;1.0;20240224_0433;12;6;OK
ResNet50;0.005;16;Adam;kl_divergence;180;cancer;0;none;100;366;48;0.59;29.0;0.6;0.4;0.4;0.4;0.5;0.5;0.5;0.0;0.0;0.0;1.0;1.0;1.0;0.0;0.0;0.0;1.0;1.0;1.0;20240224_0223;10;5;OK
ResNet50;0.005;16;Adam;squared_hinge;180;cancer;0;none;100;366;48;0.59;29.0;0.6;0.4;0.4;0.4000000000000001;0.5;0.5;0.5;0.0;0.0;0.0;1.0;1.0;1.0;0.0;0.0;0.0;1.0;1.0;1.0;20240224_0512;12;6;OK
ResNet50;0.005;16;SGD;binary_crossentropy;180;cancer;0;none;100;366;48;0.59;29.0;0.6;0.52;0.65;0.5660000000000001;0.43;0.56;0.496;0.55;0.76;0.636;0.32;0.58;0.4619999999999999;0.59;0.69;0.6439999999999999;0.49933007;0.5730961;0.543739566;20240224_0318;5;5;OK
ResNet50;0.005;16;SGD;categorical_crossentropy;180;cancer;0;none;100;366;48;0.59;29.0;0.6;0.46;0.65;0.545;0.42;0.72;0.5266666666666667;0.41;0.59;0.505;0.42;0.79;0.605;0.57;0.8;0.6666666666666666;0.50387037;0.9986621;0.6434184616666666;20240224_0414;13;5;OK
ResNet50;0.005;16;SGD;categorical_hinge;180;cancer;0;none;100;366;48;0.59;29.0;0.6;0.5;0.56;0.532;0.46;0.5;0.48;0.38;0.59;0.512;0.47;0.68;0.568;0.63;0.65;0.644;0.60644746;0.68254405;0.643440982;20240224_0345;6;5;OK
ResNet50;0.005;16;SGD;focal_loss;180;cancer;0;none;100;366;48;0.59;29.0;0.6;0.52;0.67;0.596;0.46;0.68;0.56;0.41;0.79;0.6119999999999999;0.47;0.68;0.5660000000000001;0.64;0.74;0.6839999999999999;0.043915797;0.997581;0.6101177434;20240224_0302;9;5;OK
ResNet50;0.005;16;SGD;kl_divergence;180;cancer;0;none;100;366;48;0.59;29.0;0.6;0.48;0.69;0.5660000000000001;0.42;0.65;0.538;0.45;0.76;0.554;0.42;0.89;0.588;0.58;0.87;0.688;0.26924667;0.657585;0.527030854;20240224_0358;15;5;OK
ResNet50;0.005;16;SGD;squared_hinge;180;cancer;0;none;100;366;48;0.59;29.0;0.6;0.48;0.56;0.524;0.44;0.57;0.49000000000000005;0.41;0.55;0.496;0.47;0.74;0.568;0.58;0.71;0.642;0.5774366;0.67150795;0.628561274;20240224_0331;8;5;OK
ResNet50;0.005;32;Adam;categorical_crossentropy;180;cancer;0;none;100;366;48;0.59;29.0;0.6;0.4;0.4;0.4;0.5;0.5;0.5;0.0;0.0;0.0;1.0;1.0;1.0;0.0;0.0;0.0;1.0;1.0;1.0;20231212_2129;2;1;OK
ResNet50;0.005;32;SGD;categorical_crossentropy;180;cancer;0;none;100;366;48;0.59;29.0;0.6;0.58;0.58;0.58;0.52;0.52;0.52;0.55;0.55;0.55;0.63;0.63;0.63;0.7;0.7;0.7;0.5801862;0.5801862;0.5801862;20231212_2139;2;1;OK
ResNet50;0.01;8;Adam;categorical_crossentropy;180;cancer;0;none;100;366;48;0.59;29.0;0.6;0.62;0.62;0.62;0.58;0.58;0.58;0.66;0.66;0.66;0.58;0.58;0.58;0.7;0.7;0.7;0.4040908;0.4040908;0.4040908;20231212_1938;5;1;OK
ResNet50;0.01;8;SGD;categorical_crossentropy;180;cancer;0;none;100;366;48;0.59;29.0;0.6;0.67;0.67;0.67;0.67;0.67;0.67;0.66;0.66;0.66;0.68;0.68;0.68;0.76;0.76;0.76;0.20494318;0.20494318;0.20494318;20231212_1949;5;1;OK
ResNet50;0.01;16;Adam;categorical_crossentropy;180;cancer;0;none;100;366;48;0.59;29.0;0.6;0.67;0.67;0.67;0.6;0.6;0.6;0.69;0.69;0.69;0.63;0.63;0.63;0.74;0.74;0.74;0.5324438;0.5324438;0.5324438;20231212_2002;4;1;OK
ResNet50;0.01;16;SGD;categorical_crossentropy;180;cancer;0;none;100;366;48;0.59;29.0;0.6;0.6;0.6;0.6;0.59;0.59;0.59;0.59;0.59;0.59;0.63;0.63;0.63;0.71;0.71;0.71;0.9898275;0.9898275;0.9898275;20231212_2013;4;1;OK
ResNet50;0.01;32;Adam;categorical_crossentropy;180;cancer;0;none;100;366;48;0.59;29.0;0.6;0.67;0.67;0.67;0.54;0.54;0.54;0.83;0.83;0.83;0.42;0.42;0.42;0.69;0.69;0.69;0.31500888;0.31500888;0.31500888;20231212_2024;4;1;OK
ResNet50;0.01;32;SGD;categorical_crossentropy;180;cancer;0;none;100;366;48;0.59;29.0;0.6;0.58;0.58;0.58;0.53;0.53;0.53;0.55;0.55;0.55;0.63;0.63;0.63;0.7;0.7;0.7;0.58614033;0.58614033;0.58614033;20231212_2033;2;1;OK
VGG16;0.005;8;Adam;categorical_crossentropy;180;cancer;0;none;100;284;38;0.57;21.0;0.55;0.45;0.45;0.45;0.5;0.5;0.5;0.0;0.0;0.0;1.0;1.0;1.0;0.0;0.0;0.0;1.0;1.0;1.0;20231212_1239;1;1;OK
VGG16;0.005;8;Adam;categorical_crossentropy;180;cancer;1;none;100;568;38;0.57;21.0;0.55;0.45;0.45;0.45;0.5;0.5;0.5;0.0;0.0;0.0;1.0;1.0;1.0;0.0;0.0;0.0;1.0;1.0;1.0;20231212_1430;2;1;OK
VGG16;0.005;8;SGD;categorical_crossentropy;180;cancer;0;none;100;284;38;0.57;21.0;0.55;0.79;0.79;0.79;0.81;0.81;0.81;0.81;0.81;0.81;0.76;0.76;0.76;0.81;0.81;0.81;0.51831055;0.51831055;0.51831055;20231212_1248;1;1;OK
VGG16;0.005;8;SGD;categorical_crossentropy;180;cancer;1;none;100;568;38;0.57;21.0;0.55;0.71;0.71;0.71;0.75;0.75;0.75;0.71;0.71;0.71;0.71;0.71;0.71;0.75;0.75;0.75;0.51327336;0.51327336;0.51327336;20231212_1442;2;1;OK
VGG16;0.005;16;Adam;binary_crossentropy;180;cancer;0;none;100;366;48;0.59;29.0;0.6;0.4;0.6;0.5066666666666667;0.44;0.55;0.5083333333333333;0.0;0.69;0.4033333333333333;0.37;1.0;0.6666666666666666;0.0;0.68;0.43333333333333335;0.50368226;1.0;0.7056678333333334;20240224_0439;12;6;OK
VGG16;0.005;16;Adam;categorical_crossentropy;180;cancer;0;none;100;284;38;0.57;21.0;0.55;0.45;0.45;0.45;0.5;0.5;0.5;0.0;0.0;0.0;1.0;1.0;1.0;0.0;0.0;0.0;1.0;1.0;1.0;20231212_1256;1;1;OK
VGG16;0.005;16;Adam;categorical_crossentropy;180;cancer;0;none;100;366;48;0.59;29.0;0.6;0.5;0.6;0.556;0.45;0.56;0.508;0.34;0.69;0.5439999999999999;0.37;0.84;0.578;0.6;0.77;0.6759999999999999;0.52632624;0.93154454;0.744630712;20240224_0229;10;5;OK
VGG16;0.005;16;Adam;categorical_crossentropy;180;cancer;1;none;100;568;38;0.57;21.0;0.55;0.45;0.45;0.45;0.5;0.5;0.5;0.0;0.0;0.0;1.0;1.0;1.0;0.0;0.0;0.0;1.0;1.0;1.0;20231212_1453;2;1;OK
VGG16;0.005;16;Adam;categorical_hinge;180;cancer;0;none;100;366;48;0.59;29.0;0.6;0.4;0.4;0.4000000000000001;0.5;0.5;0.5;0.0;0.0;0.0;1.0;1.0;1.0;0.0;0.0;0.0;1.0;1.0;1.0;20240224_0517;12;6;OK
VGG16;0.005;16;Adam;focal_loss;180;cancer;0;none;100;366;48;0.59;29.0;0.6;0.4;0.4;0.4000000000000001;0.5;0.5;0.5;0.0;0.0;0.0;1.0;1.0;1.0;0.0;0.0;0.0;1.0;1.0;1.0;20240224_0422;12;6;OK
VGG16;0.005;16;Adam;kl_divergence;180;cancer;0;none;100;366;48;0.59;29.0;0.6;0.4;0.4;0.4;0.5;0.5;0.5;0.0;0.0;0.0;1.0;1.0;1.0;0.0;0.0;0.0;1.0;1.0;1.0;20240224_0210;10;5;OK
VGG16;0.005;16;Adam;squared_hinge;180;cancer;0;none;100;366;48;0.59;29.0;0.6;0.4;0.4;0.4000000000000001;0.5;0.5;0.5;0.0;0.0;0.0;1.0;1.0;1.0;0.0;0.0;0.0;1.0;1.0;1.0;20240224_0502;12;6;OK
VGG16;0.005;16;SGD;binary_crossentropy;180;cancer;0;none;100;366;48;0.59;29.0;0.6;0.56;0.62;0.584;0.53;0.58;0.556;0.34;0.72;0.502;0.47;0.89;0.7140000000000001;0.68;0.83;0.746;0.50658315;0.50704736;0.5067629140000001;20240224_0309;5;5;OK
VGG16;0.005;16;SGD;categorical_crossentropy;180;cancer;0;none;100;284;38;0.57;21.0;0.55;0.66;0.66;0.66;0.67;0.67;0.67;0.43;0.43;0.43;0.94;0.94;0.94;0.9;0.9;0.9;0.514163;0.514163;0.514163;20231212_1304;1;1;OK
VGG16;0.005;16;SGD;categorical_crossentropy;180;cancer;0;none;100;366;48;0.59;29.0;0.6;0.56;0.67;0.616;0.58;0.62;0.6;0.41;0.83;0.5359999999999999;0.42;0.95;0.736;0.69;0.92;0.7859999999999999;0.51215094;0.5131312;0.5124917920000001;20240224_0405;5;5;OK
VGG16;0.005;16;SGD;categorical_crossentropy;180;cancer;1;none;100;568;38;0.57;21.0;0.55;0.76;0.76;0.76;0.78;0.78;0.78;0.81;0.81;0.81;0.71;0.71;0.71;0.77;0.77;0.77;0.51196444;0.51196444;0.51196444;20231212_1503;2;1;OK
VGG16;0.005;16;SGD;categorical_hinge;180;cancer;0;none;100;366;48;0.59;29.0;0.6;0.58;0.62;0.592;0.56;0.61;0.588;0.38;0.62;0.51;0.53;0.89;0.728;0.67;0.85;0.754;0.51314175;0.5139694;0.513571138;20240224_0336;5;5;OK
VGG16;0.005;16;SGD;focal_loss;180;cancer;0;none;100;366;48;0.59;29.0;0.6;0.6;0.67;0.638;0.56;0.63;0.6;0.59;0.76;0.638;0.47;0.79;0.64;0.69;0.81;0.736;0.5196291;0.5205836;0.520105988;20240224_0251;5;5;OK
VGG16;0.005;16;SGD;kl_divergence;180;cancer;0;none;100;366;48;0.59;29.0;0.6;0.54;0.62;0.5720000000000001;0.52;0.56;0.53;0.41;0.62;0.47400000000000003;0.53;0.95;0.728;0.67;0.92;0.744;0.51222336;0.5135984;0.512976672;20240224_0349;5;5;OK
VGG16;0.005;16;SGD;squared_hinge;180;cancer;0;none;100;366;48;0.59;29.0;0.6;0.52;0.67;0.5900000000000001;0.53;0.65;0.5780000000000001;0.41;0.62;0.496;0.58;0.89;0.736;0.67;0.88;0.748;0.5119451;0.51313186;0.51256916;20240224_0323;5;5;OK
VGG16;0.005;32;Adam;categorical_crossentropy;180;cancer;0;none;100;284;38;0.57;21.0;0.55;0.45;0.45;0.45;0.5;0.5;0.5;0.0;0.0;0.0;1.0;1.0;1.0;0.0;0.0;0.0;1.0;1.0;1.0;20231212_1310;1;1;OK
VGG16;0.005;32;Adam;categorical_crossentropy;180;cancer;1;none;100;568;38;0.57;21.0;0.55;0.45;0.45;0.45;0.5;0.5;0.5;0.0;0.0;0.0;1.0;1.0;1.0;0.0;0.0;0.0;1.0;1.0;1.0;20231212_1514;2;1;OK
VGG16;0.005;32;SGD;categorical_crossentropy;180;cancer;0;none;100;284;38;0.57;21.0;0.55;0.53;0.53;0.53;0.49;0.49;0.49;0.62;0.62;0.62;0.41;0.41;0.41;0.57;0.57;0.57;0.5085006;0.5085006;0.5085006;20231212_1317;1;1;OK
VGG16;0.005;32;SGD;categorical_crossentropy;180;cancer;1;none;100;568;38;0.57;21.0;0.55;0.63;0.63;0.63;0.64;0.64;0.64;0.57;0.57;0.57;0.71;0.71;0.71;0.71;0.71;0.71;0.51141536;0.51141536;0.51141536;20231212_1525;2;1;OK
VGG16;0.01;8;Adam;categorical_crossentropy;180;cancer;0;none;100;284;38;0.57;21.0;0.55;0.45;0.45;0.45;0.5;0.5;0.5;0.0;0.0;0.0;1.0;1.0;1.0;0.0;0.0;0.0;1.0;1.0;1.0;20231212_1156;2;1;OK
VGG16;0.01;8;Adam;categorical_crossentropy;180;cancer;1;none;100;568;38;0.57;21.0;0.55;0.45;0.45;0.45;0.5;0.5;0.5;0.0;0.0;0.0;1.0;1.0;1.0;0.0;0.0;0.0;1.0;1.0;1.0;20231212_1325;2;1;OK
VGG16;0.01;8;SGD;categorical_crossentropy;180;cancer;0;none;100;284;38;0.57;21.0;0.55;0.71;0.71;0.71;0.73;0.73;0.73;0.86;0.86;0.86;0.53;0.53;0.53;0.69;0.69;0.69;0.521412;0.521412;0.521412;20231212_1204;1;1;OK
VGG16;0.01;8;SGD;categorical_crossentropy;180;cancer;1;none;100;568;38;0.57;21.0;0.55;0.71;0.71;0.71;0.76;0.76;0.76;0.67;0.67;0.67;0.76;0.76;0.76;0.78;0.78;0.78;0.5087412;0.5087412;0.5087412;20231212_1336;2;1;OK
VGG16;0.01;16;Adam;categorical_crossentropy;180;cancer;0;none;100;284;38;0.57;21.0;0.55;0.45;0.45;0.45;0.5;0.5;0.5;0.0;0.0;0.0;1.0;1.0;1.0;0.0;0.0;0.0;1.0;1.0;1.0;20231212_1211;1;1;OK
VGG16;0.01;16;Adam;categorical_crossentropy;180;cancer;1;none;100;568;38;0.57;21.0;0.55;0.45;0.45;0.45;0.5;0.5;0.5;0.0;0.0;0.0;1.0;1.0;1.0;0.0;0.0;0.0;1.0;1.0;1.0;20231212_1347;2;1;OK
VGG16;0.01;16;SGD;categorical_crossentropy;180;cancer;0;none;100;284;38;0.57;21.0;0.55;0.71;0.71;0.71;0.72;0.72;0.72;0.62;0.62;0.62;0.82;0.82;0.82;0.81;0.81;0.81;0.5195277;0.5195277;0.5195277;20231212_1218;1;1;OK
VGG16;0.01;16;SGD;categorical_crossentropy;180;cancer;1;none;100;568;38;0.57;21.0;0.55;0.71;0.71;0.71;0.67;0.67;0.67;0.9;0.9;0.9;0.47;0.47;0.47;0.68;0.68;0.68;0.5102584;0.5102584;0.5102584;20231212_1358;2;1;OK
VGG16;0.01;32;Adam;categorical_crossentropy;180;cancer;0;none;100;284;38;0.57;21.0;0.55;0.45;0.45;0.45;0.5;0.5;0.5;0.0;0.0;0.0;1.0;1.0;1.0;0.0;0.0;0.0;1.0;1.0;1.0;20231212_1226;2;1;OK
VGG16;0.01;32;Adam;categorical_crossentropy;180;cancer;1;none;100;568;38;0.57;21.0;0.55;0.45;0.45;0.45;0.5;0.5;0.5;0.0;0.0;0.0;1.0;1.0;1.0;0.0;0.0;0.0;1.0;1.0;1.0;20231212_1408;2;1;OK
VGG16;0.01;32;SGD;categorical_crossentropy;180;cancer;0;none;100;284;38;0.57;21.0;0.55;0.66;0.66;0.66;0.69;0.69;0.69;0.62;0.62;0.62;0.71;0.71;0.71;0.72;0.72;0.72;0.51283735;0.51283735;0.51283735;20231212_1232;1;1;OK
VGG16;0.01;32;SGD;categorical_crossentropy;180;cancer;1;none;100;568;38;0.57;21.0;0.55;0.74;0.74;0.74;0.73;0.73;0.73;0.95;0.95;0.95;0.47;0.47;0.47;0.69;0.69;0.69;0.51231676;0.51231676;0.51231676;20231212_1421;2;1;OK
VGG19;0.005;8;Adam;categorical_crossentropy;180;cancer;0;none;100;284;38;0.57;21.0;0.55;0.45;0.45;0.45;0.5;0.5;0.5;0.0;0.0;0.0;1.0;1.0;1.0;0.0;0.0;0.0;1.0;1.0;1.0;20231212_1240;1;1;OK
VGG19;0.005;8;Adam;categorical_crossentropy;180;cancer;1;none;100;568;38;0.57;21.0;0.55;0.45;0.45;0.45;0.5;0.5;0.5;0.0;0.0;0.0;1.0;1.0;1.0;0.0;0.0;0.0;1.0;1.0;1.0;20231212_1432;3;1;OK
VGG19;0.005;8;SGD;categorical_crossentropy;180;cancer;0;none;100;284;38;0.57;21.0;0.55;0.68;0.68;0.68;0.74;0.74;0.74;0.62;0.62;0.62;0.76;0.76;0.76;0.76;0.76;0.76;0.5178416;0.5178416;0.5178416;20231212_1248;1;1;OK
VGG19;0.005;8;SGD;categorical_crossentropy;180;cancer;1;none;100;568;38;0.57;21.0;0.55;0.74;0.74;0.74;0.76;0.76;0.76;0.76;0.76;0.76;0.71;0.71;0.71;0.76;0.76;0.76;0.5139786;0.5139786;0.5139786;20231212_1443;2;1;OK
VGG19;0.005;16;Adam;binary_crossentropy;180;cancer;0;none;100;366;48;0.59;29.0;0.6;0.4;0.69;0.47500000000000003;0.45;0.64;0.5216666666666666;0.0;0.86;0.22999999999999998;0.42;1.0;0.8416666666666667;0.0;0.69;0.22833333333333336;0.46136805;1.0;0.8625067583333333;20240224_0440;12;6;OK
VGG19;0.005;16;Adam;categorical_crossentropy;180;cancer;0;none;100;284;38;0.57;21.0;0.55;0.45;0.45;0.45;0.5;0.5;0.5;0.0;0.0;0.0;1.0;1.0;1.0;0.0;0.0;0.0;1.0;1.0;1.0;20231212_1257;1;1;OK
VGG19;0.005;16;Adam;categorical_crossentropy;180;cancer;0;none;100;366;48;0.59;29.0;0.6;0.4;0.48;0.42400000000000004;0.39;0.5;0.472;0.0;0.31;0.124;0.63;1.0;0.874;0.0;0.64;0.24000000000000005;0.6226871;1.0;0.86348741;20240224_0230;10;5;OK
VGG19;0.005;16;Adam;categorical_crossentropy;180;cancer;1;none;100;568;38;0.57;21.0;0.55;0.45;0.45;0.45;0.5;0.5;0.5;0.0;0.0;0.0;1.0;1.0;1.0;0.0;0.0;0.0;1.0;1.0;1.0;20231212_1454;2;1;OK
VGG19;0.005;16;Adam;categorical_hinge;180;cancer;0;none;100;366;48;0.59;29.0;0.6;0.4;0.4;0.4000000000000001;0.5;0.5;0.5;0.0;0.0;0.0;1.0;1.0;1.0;0.0;0.0;0.0;1.0;1.0;1.0;20240224_0519;12;6;OK
VGG19;0.005;16;Adam;focal_loss;180;cancer;0;none;100;366;48;0.59;29.0;0.6;0.4;0.4;0.4000000000000001;0.5;0.5;0.5;0.0;0.0;0.0;1.0;1.0;1.0;0.0;0.0;0.0;1.0;1.0;1.0;20240224_0423;12;6;OK
VGG19;0.005;16;Adam;kl_divergence;180;cancer;0;none;100;366;48;0.59;29.0;0.6;0.4;0.4;0.4;0.5;0.5;0.5;0.0;0.0;0.0;1.0;1.0;1.0;0.0;0.0;0.0;1.0;1.0;1.0;20240224_0211;10;5;OK
VGG19;0.005;16;Adam;squared_hinge;180;cancer;0;none;100;366;48;0.59;29.0;0.6;0.4;0.4;0.4000000000000001;0.5;0.5;0.5;0.0;0.0;0.0;1.0;1.0;1.0;0.0;0.0;0.0;1.0;1.0;1.0;20240224_0504;12;6;OK
VGG19;0.005;16;SGD;binary_crossentropy;180;cancer;0;none;100;366;48;0.59;29.0;0.6;0.56;0.67;0.624;0.57;0.66;0.624;0.34;0.72;0.564;0.53;0.89;0.7140000000000001;0.7;0.87;0.772;0.50628895;0.50675184;0.506559838;20240224_0310;10;5;OK
VGG19;0.005;16;SGD;categorical_crossentropy;180;cancer;0;none;100;284;38;0.57;21.0;0.55;0.58;0.58;0.58;0.47;0.47;0.47;0.52;0.52;0.52;0.65;0.65;0.65;0.65;0.65;0.65;0.5133564;0.5133564;0.5133564;20231212_1304;1;1;OK
VGG19;0.005;16;SGD;categorical_crossentropy;180;cancer;0;none;100;366;48;0.59;29.0;0.6;0.54;0.6;0.572;0.53;0.62;0.556;0.38;0.62;0.49000000000000005;0.58;0.79;0.7060000000000001;0.68;0.76;0.72;0.5121082;0.51332676;0.512783224;20240224_0406;10;5;OK
VGG19;0.005;16;SGD;categorical_crossentropy;180;cancer;1;none;100;568;38;0.57;21.0;0.55;0.74;0.74;0.74;0.68;0.68;0.68;0.95;0.95;0.95;0.47;0.47;0.47;0.69;0.69;0.69;0.5114875;0.5114875;0.5114875;20231212_1504;2;1;OK
VGG19;0.005;16;SGD;categorical_hinge;180;cancer;0;none;100;366;48;0.59;29.0;0.6;0.56;0.62;0.596;0.53;0.61;0.58;0.41;0.62;0.524;0.58;0.95;0.716;0.67;0.92;0.754;0.5129036;0.5138474;0.51329057;20240224_0337;10;5;OK
VGG19;0.005;16;SGD;focal_loss;180;cancer;0;none;100;366;48;0.59;29.0;0.6;0.58;0.71;0.638;0.56;0.68;0.5980000000000001;0.48;0.72;0.612;0.58;0.89;0.6719999999999999;0.69;0.88;0.752;0.51937443;0.52109045;0.519838884;20240224_0252;10;5;OK
VGG19;0.005;16;SGD;kl_divergence;180;cancer;0;none;100;366;48;0.59;29.0;0.6;0.56;0.62;0.588;0.56;0.62;0.5900000000000001;0.38;0.62;0.48200000000000004;0.63;0.95;0.756;0.7;0.92;0.77;0.5119292;0.51297593;0.512289538;20240224_0351;10;5;OK
VGG19;0.005;16;SGD;squared_hinge;180;cancer;0;none;100;366;48;0.59;29.0;0.6;0.54;0.65;0.608;0.52;0.67;0.602;0.41;0.76;0.496;0.47;0.95;0.7779999999999999;0.69;0.93;0.8;0.5124437;0.51360726;0.512989166;20240224_0324;10;5;OK
VGG19;0.005;32;Adam;categorical_crossentropy;180;cancer;0;none;100;284;38;0.57;21.0;0.55;0.45;0.45;0.45;0.5;0.5;0.5;0.0;0.0;0.0;1.0;1.0;1.0;0.0;0.0;0.0;1.0;1.0;1.0;20231212_1311;1;1;OK
VGG19;0.005;32;Adam;categorical_crossentropy;180;cancer;1;none;100;568;38;0.57;21.0;0.55;0.45;0.45;0.45;0.5;0.5;0.5;0.0;0.0;0.0;1.0;1.0;1.0;0.0;0.0;0.0;1.0;1.0;1.0;20231212_1515;2;1;OK
VGG19;0.005;32;SGD;categorical_crossentropy;180;cancer;0;none;100;284;38;0.57;21.0;0.55;0.55;0.55;0.55;0.48;0.48;0.48;0.33;0.33;0.33;0.82;0.82;0.82;0.7;0.7;0.7;0.5079247;0.5079247;0.5079247;20231212_1318;1;1;OK
VGG19;0.005;32;SGD;categorical_crossentropy;180;cancer;1;none;100;568;38;0.57;21.0;0.55;0.76;0.76;0.76;0.76;0.76;0.76;0.81;0.81;0.81;0.71;0.71;0.71;0.77;0.77;0.77;0.509858;0.509858;0.509858;20231212_1526;2;1;OK
VGG19;0.01;8;Adam;categorical_crossentropy;180;cancer;0;none;100;284;38;0.57;21.0;0.55;0.45;0.45;0.45;0.5;0.5;0.5;0.0;0.0;0.0;1.0;1.0;1.0;0.0;0.0;0.0;1.0;1.0;1.0;20231212_1157;1;1;OK
VGG19;0.01;8;Adam;categorical_crossentropy;180;cancer;1;none;100;568;38;0.57;21.0;0.55;0.45;0.45;0.45;0.5;0.5;0.5;0.0;0.0;0.0;1.0;1.0;1.0;0.0;0.0;0.0;1.0;1.0;1.0;20231212_1326;3;1;OK
VGG19;0.01;8;SGD;categorical_crossentropy;180;cancer;0;none;100;284;38;0.57;21.0;0.55;0.74;0.74;0.74;0.77;0.77;0.77;0.71;0.71;0.71;0.76;0.76;0.76;0.79;0.79;0.79;0.5214351;0.5214351;0.5214351;20231212_1204;1;1;OK
VGG19;0.01;8;SGD;categorical_crossentropy;180;cancer;1;none;100;568;38;0.57;21.0;0.55;0.71;0.71;0.71;0.72;0.72;0.72;0.71;0.71;0.71;0.71;0.71;0.71;0.75;0.75;0.75;0.51041347;0.51041347;0.51041347;20231212_1338;2;1;OK
VGG19;0.01;16;Adam;categorical_crossentropy;180;cancer;0;none;100;284;38;0.57;21.0;0.55;0.45;0.45;0.45;0.5;0.5;0.5;0.0;0.0;0.0;1.0;1.0;1.0;0.0;0.0;0.0;1.0;1.0;1.0;20231212_1212;1;1;OK
VGG19;0.01;16;Adam;categorical_crossentropy;180;cancer;1;none;100;568;38;0.57;21.0;0.55;0.45;0.45;0.45;0.5;0.5;0.5;0.0;0.0;0.0;1.0;1.0;1.0;0.0;0.0;0.0;1.0;1.0;1.0;20231212_1349;2;1;OK
VGG19;0.01;16;SGD;categorical_crossentropy;180;cancer;0;none;100;284;38;0.57;21.0;0.55;0.71;0.71;0.71;0.67;0.67;0.67;0.81;0.81;0.81;0.59;0.59;0.59;0.71;0.71;0.71;0.5186077;0.5186077;0.5186077;20231212_1219;1;1;OK
VGG19;0.01;16;SGD;categorical_crossentropy;180;cancer;1;none;100;568;38;0.57;21.0;0.55;0.71;0.71;0.71;0.71;0.71;0.71;0.86;0.86;0.86;0.53;0.53;0.53;0.69;0.69;0.69;0.51242316;0.51242316;0.51242316;20231212_1359;2;1;OK
VGG19;0.01;32;Adam;categorical_crossentropy;180;cancer;0;none;100;284;38;0.57;21.0;0.55;0.45;0.45;0.45;0.5;0.5;0.5;0.0;0.0;0.0;1.0;1.0;1.0;0.0;0.0;0.0;1.0;1.0;1.0;20231212_1226;1;1;OK
VGG19;0.01;32;Adam;categorical_crossentropy;180;cancer;1;none;100;568;38;0.57;21.0;0.55;0.45;0.45;0.45;0.5;0.5;0.5;0.0;0.0;0.0;1.0;1.0;1.0;0.0;0.0;0.0;1.0;1.0;1.0;20231212_1410;2;1;OK
VGG19;0.01;32;SGD;categorical_crossentropy;180;cancer;0;none;100;284;38;0.57;21.0;0.55;0.45;0.45;0.45;0.37;0.37;0.37;0.52;0.52;0.52;0.35;0.35;0.35;0.5;0.5;0.5;0.5132523;0.5132523;0.5132523;20231212_1233;1;1;OK
VGG19;0.01;32;SGD;categorical_crossentropy;180;cancer;1;none;100;568;38;0.57;21.0;0.55;0.71;0.71;0.71;0.72;0.72;0.72;0.71;0.71;0.71;0.71;0.71;0.71;0.75;0.75;0.75;0.5129006;0.5129006;0.5129006;20231212_1422;2;1;OK
cnn1;0.005;8;Adam;categorical_crossentropy;180;cancer;0;none;100;284;38;0.57;21.0;0.55;0.45;0.45;0.45;0.5;0.5;0.5;0.0;0.0;0.0;1.0;1.0;1.0;0.0;0.0;0.0;1.0;1.0;1.0;20231212_1245;0;1;OK
cnn1;0.005;8;Adam;categorical_crossentropy;180;cancer;1;none;100;568;38;0.57;21.0;0.55;0.45;0.45;0.45;0.5;0.5;0.5;0.0;0.0;0.0;1.0;1.0;1.0;0.0;0.0;0.0;1.0;1.0;1.0;20231212_1438;0;1;OK
cnn1;0.005;8;SGD;categorical_crossentropy;180;cancer;0;none;100;284;38;0.57;21.0;0.55;0.71;0.71;0.71;0.73;0.73;0.73;0.81;0.81;0.81;0.59;0.59;0.59;0.71;0.71;0.71;0.6619606;0.6619606;0.6619606;20231212_1253;1;1;OK
cnn1;0.005;8;SGD;categorical_crossentropy;180;cancer;1;none;100;568;38;0.57;21.0;0.55;0.55;0.55;0.55;0.5;0.5;0.5;0.52;0.52;0.52;0.59;0.59;0.59;0.61;0.61;0.61;0.56271213;0.56271213;0.56271213;20231212_1449;0;1;OK
cnn1;0.005;16;Adam;binary_crossentropy;180;cancer;0;none;100;366;48;0.59;29.0;0.6;0.4;0.71;0.5216666666666666;0.36;0.77;0.5316666666666666;0.0;0.69;0.4183333333333333;0.42;1.0;0.6749999999999999;0.0;0.8;0.545;0.4186155;1.0;0.6537857066666667;20240224_0448;1;6;OK
cnn1;0.005;16;Adam;categorical_crossentropy;180;cancer;0;none;100;284;38;0.57;21.0;0.55;0.45;0.45;0.45;0.5;0.5;0.5;0.0;0.0;0.0;1.0;1.0;1.0;0.0;0.0;0.0;1.0;1.0;1.0;20231212_1301;0;1;OK
cnn1;0.005;16;Adam;categorical_crossentropy;180;cancer;0;none;100;366;48;0.59;29.0;0.6;0.44;0.69;0.584;0.47;0.68;0.5700000000000001;0.31;0.79;0.6140000000000001;0.37;0.68;0.536;0.56;0.76;0.6599999999999999;0.41998565;0.6126047;0.527626296;20240224_0239;3;5;OK
cnn1;0.005;16;Adam;categorical_crossentropy;180;cancer;1;none;100;568;38;0.57;21.0;0.55;0.63;0.63;0.63;0.54;0.54;0.54;0.76;0.76;0.76;0.47;0.47;0.47;0.64;0.64;0.64;0.43659204;0.43659204;0.43659204;20231212_1459;0;1;OK
cnn1;0.005;16;Adam;categorical_hinge;180;cancer;0;none;100;366;48;0.59;29.0;0.6;0.4;0.4;0.4000000000000001;0.5;0.5;0.5;0.0;0.0;0.0;1.0;1.0;1.0;0.0;0.0;0.0;1.0;1.0;1.0;20240224_0523;0;6;OK
cnn1;0.005;16;Adam;focal_loss;180;cancer;0;none;100;366;48;0.59;29.0;0.6;0.4;0.77;0.5083333333333334;0.45;0.68;0.5266666666666667;0.0;0.9;0.3516666666666666;0.37;1.0;0.7466666666666667;0.0;0.76;0.3333333333333333;0.32668144;1.0;0.7195141899999999;20240224_0430;2;6;OK
cnn1;0.005;16;Adam;kl_divergence;180;cancer;0;none;100;366;48;0.59;29.0;0.6;0.4;0.4;0.4;0.5;0.5;0.5;0.0;0.0;0.0;1.0;1.0;1.0;0.0;0.0;0.0;1.0;1.0;1.0;20240224_0219;0;5;OK
cnn1;0.005;16;Adam;squared_hinge;180;cancer;0;none;100;366;48;0.59;29.0;0.6;0.4;0.4;0.4000000000000001;0.5;0.5;0.5;0.0;0.0;0.0;1.0;1.0;1.0;0.0;0.0;0.0;1.0;1.0;1.0;20240224_0508;0;6;OK
cnn1;0.005;16;SGD;binary_crossentropy;180;cancer;0;none;100;366;48;0.59;29.0;0.6;0.5;0.65;0.554;0.38;0.58;0.47400000000000003;0.31;0.72;0.532;0.37;0.84;0.5900000000000001;0.59;0.75;0.674;0.556047;0.5571376;0.556475512;20240224_0314;0;5;OK
cnn1;0.005;16;SGD;categorical_crossentropy;180;cancer;0;none;100;284;38;0.57;21.0;0.55;0.66;0.66;0.66;0.7;0.7;0.7;0.48;0.48;0.48;0.88;0.88;0.88;0.83;0.83;0.83;0.54580086;0.54580086;0.54580086;20231212_1308;0;1;OK
cnn1;0.005;16;SGD;categorical_crossentropy;180;cancer;0;none;100;366;48;0.59;29.0;0.6;0.5;0.73;0.6559999999999999;0.47;0.62;0.57;0.41;0.93;0.756;0.42;0.63;0.49399999999999994;0.63;0.71;0.688;0.31771323;0.46499458;0.38057378000000003;20240224_0410;4;5;OK
cnn1;0.005;16;SGD;categorical_crossentropy;180;cancer;1;none;100;568;38;0.57;21.0;0.55;0.68;0.68;0.68;0.74;0.74;0.74;0.67;0.67;0.67;0.71;0.71;0.71;0.74;0.74;0.74;0.5460216;0.5460216;0.5460216;20231212_1510;0;1;OK
cnn1;0.005;16;SGD;categorical_hinge;180;cancer;0;none;100;366;48;0.59;29.0;0.6;0.46;0.65;0.53;0.39;0.59;0.46399999999999997;0.48;0.76;0.5860000000000001;0.32;0.53;0.442;0.56;0.69;0.616;0.9311362;0.971179;0.949791898;20240224_0341;0;5;OK
cnn1;0.005;16;SGD;focal_loss;180;cancer;0;none;100;366;48;0.59;29.0;0.6;0.44;0.71;0.606;0.36;0.61;0.52;0.41;0.86;0.688;0.42;0.53;0.472;0.55;0.71;0.654;0.427483;0.53110343;0.47447114;20240224_0256;3;5;OK
cnn1;0.005;16;SGD;kl_divergence;180;cancer;0;none;100;366;48;0.59;29.0;0.6;0.48;0.65;0.556;0.37;0.64;0.466;0.52;0.79;0.6140000000000001;0.32;0.79;0.46399999999999997;0.57;0.8;0.646;0.9899519;0.9904875;0.990202242;20240224_0355;0;5;OK
cnn1;0.005;16;SGD;squared_hinge;180;cancer;0;none;100;366;48;0.59;29.0;0.6;0.52;0.6;0.5519999999999999;0.48;0.56;0.516;0.34;0.66;0.47400000000000003;0.47;0.84;0.6719999999999999;0.62;0.8;0.708;0.13201989;0.13786139;0.133645174;20240224_0328;0;5;OK
cnn1;0.005;32;Adam;categorical_crossentropy;180;cancer;0;none;100;284;38;0.57;21.0;0.55;0.66;0.66;0.66;0.68;0.68;0.68;0.67;0.67;0.67;0.65;0.65;0.65;0.7;0.7;0.7;0.5631361;0.5631361;0.5631361;20231212_1315;0;1;OK
cnn1;0.005;32;Adam;categorical_crossentropy;180;cancer;1;none;100;568;38;0.57;21.0;0.55;0.63;0.63;0.63;0.66;0.66;0.66;0.48;0.48;0.48;0.82;0.82;0.82;0.77;0.77;0.77;0.5212089;0.5212089;0.5212089;20231212_1521;0;1;OK
cnn1;0.005;32;SGD;categorical_crossentropy;180;cancer;0;none;100;284;38;0.57;21.0;0.55;0.63;0.63;0.63;0.55;0.55;0.55;0.62;0.62;0.62;0.65;0.65;0.65;0.68;0.68;0.68;0.51242363;0.51242363;0.51242363;20231212_1321;0;1;OK
cnn1;0.005;32;SGD;categorical_crossentropy;180;cancer;1;none;100;568;38;0.57;21.0;0.55;0.66;0.66;0.66;0.55;0.55;0.55;0.71;0.71;0.71;0.59;0.59;0.59;0.68;0.68;0.68;0.5991799;0.5991799;0.5991799;20231212_1530;0;1;OK
cnn1;0.01;8;Adam;categorical_crossentropy;180;cancer;0;none;100;284;38;0.57;21.0;0.55;0.45;0.45;0.45;0.5;0.5;0.5;0.0;0.0;0.0;1.0;1.0;1.0;0.0;0.0;0.0;1.0;1.0;1.0;20231212_1201;0;1;OK
cnn1;0.01;8;Adam;categorical_crossentropy;180;cancer;1;none;100;568;38;0.57;21.0;0.55;0.45;0.45;0.45;0.5;0.5;0.5;0.0;0.0;0.0;1.0;1.0;1.0;0.0;0.0;0.0;1.0;1.0;1.0;20231212_1332;0;1;OK
cnn1;0.01;8;SGD;categorical_crossentropy;180;cancer;0;none;100;284;38;0.57;21.0;0.55;0.61;0.61;0.61;0.62;0.62;0.62;0.52;0.52;0.52;0.71;0.71;0.71;0.69;0.69;0.69;0.5162909;0.5162909;0.5162909;20231212_1208;0;1;OK
cnn1;0.01;8;SGD;categorical_crossentropy;180;cancer;1;none;100;568;38;0.57;21.0;0.55;0.76;0.76;0.76;0.75;0.75;0.75;0.86;0.86;0.86;0.65;0.65;0.65;0.75;0.75;0.75;0.53987145;0.53987145;0.53987145;20231212_1343;1;1;OK
cnn1;0.01;16;Adam;categorical_crossentropy;180;cancer;0;none;100;284;38;0.57;21.0;0.55;0.45;0.45;0.45;0.5;0.5;0.5;0.0;0.0;0.0;1.0;1.0;1.0;0.0;0.0;0.0;1.0;1.0;1.0;20231212_1216;0;1;OK
cnn1;0.01;16;Adam;categorical_crossentropy;180;cancer;1;none;100;568;38;0.57;21.0;0.55;0.45;0.45;0.45;0.5;0.5;0.5;0.0;0.0;0.0;1.0;1.0;1.0;0.0;0.0;0.0;1.0;1.0;1.0;20231212_1354;0;1;OK
cnn1;0.01;16;SGD;categorical_crossentropy;180;cancer;0;none;100;284;38;0.57;21.0;0.55;0.45;0.45;0.45;0.5;0.5;0.5;0.0;0.0;0.0;1.0;1.0;1.0;0.0;0.0;0.0;1.0;1.0;1.0;20231212_1223;0;1;OK
cnn1;0.01;16;SGD;categorical_crossentropy;180;cancer;1;none;100;568;38;0.57;21.0;0.55;0.58;0.58;0.58;0.48;0.48;0.48;0.62;0.62;0.62;0.53;0.53;0.53;0.62;0.62;0.62;0.5054265;0.5054265;0.5054265;20231212_1404;0;1;OK
cnn1;0.01;32;Adam;categorical_crossentropy;180;cancer;0;none;100;284;38;0.57;21.0;0.55;0.45;0.45;0.45;0.5;0.5;0.5;0.0;0.0;0.0;1.0;1.0;1.0;0.0;0.0;0.0;1.0;1.0;1.0;20231212_1230;0;1;OK
cnn1;0.01;32;Adam;categorical_crossentropy;180;cancer;1;none;100;568;38;0.57;21.0;0.55;0.39;0.39;0.39;0.43;0.43;0.43;0.1;0.1;0.1;0.76;0.76;0.76;0.33;0.33;0.33;0.55992806;0.55992806;0.55992806;20231212_1417;0;1;OK
cnn1;0.01;32;SGD;categorical_crossentropy;180;cancer;0;none;100;284;38;0.57;21.0;0.55;0.58;0.58;0.58;0.48;0.48;0.48;0.71;0.71;0.71;0.41;0.41;0.41;0.6;0.6;0.6;0.52402;0.52402;0.52402;20231212_1237;0;1;OK
cnn1;0.01;32;SGD;categorical_crossentropy;180;cancer;1;none;100;568;38;0.57;21.0;0.55;0.66;0.66;0.66;0.66;0.66;0.66;0.57;0.57;0.57;0.76;0.76;0.76;0.75;0.75;0.75;0.5653644;0.5653644;0.5653644;20231212_1426;0;1;OK
cnn2;0.005;8;Adam;categorical_crossentropy;180;cancer;0;none;100;284;38;0.57;21.0;0.55;0.45;0.45;0.45;0.5;0.5;0.5;0.0;0.0;0.0;1.0;1.0;1.0;0.0;0.0;0.0;1.0;1.0;1.0;20231212_1245;0;1;OK
cnn2;0.005;8;Adam;categorical_crossentropy;180;cancer;1;none;100;568;38;0.57;21.0;0.55;0.45;0.45;0.45;0.5;0.5;0.5;0.0;0.0;0.0;1.0;1.0;1.0;0.0;0.0;0.0;1.0;1.0;1.0;20231212_1438;0;1;OK
cnn2;0.005;8;SGD;categorical_crossentropy;180;cancer;0;none;100;284;38;0.57;21.0;0.55;0.74;0.74;0.74;0.73;0.73;0.73;0.86;0.86;0.86;0.59;0.59;0.59;0.72;0.72;0.72;0.5317003;0.5317003;0.5317003;20231212_1254;0;1;OK
cnn2;0.005;8;SGD;categorical_crossentropy;180;cancer;1;none;100;568;38;0.57;21.0;0.55;0.71;0.71;0.71;0.67;0.67;0.67;0.81;0.81;0.81;0.59;0.59;0.59;0.71;0.71;0.71;0.50632435;0.50632435;0.50632435;20231212_1449;0;1;OK
cnn2;0.005;16;Adam;binary_crossentropy;180;cancer;0;none;100;366;48;0.59;29.0;0.6;0.4;0.58;0.43;0.5;0.54;0.5066666666666667;0.0;0.62;0.10333333333333333;0.53;1.0;0.9216666666666667;0.0;0.67;0.11166666666666668;0.56413156;1.0;0.92735526;20240224_0448;0;6;OK
cnn2;0.005;16;Adam;categorical_crossentropy;180;cancer;0;none;100;284;38;0.57;21.0;0.55;0.45;0.45;0.45;0.47;0.47;0.47;0.19;0.19;0.19;0.76;0.76;0.76;0.5;0.5;0.5;0.5023285;0.5023285;0.5023285;20231212_1302;0;1;OK
cnn2;0.005;16;Adam;categorical_crossentropy;180;cancer;0;none;100;366;48;0.59;29.0;0.6;0.4;0.67;0.458;0.32;0.68;0.5;0.0;0.72;0.23399999999999999;0.37;1.0;0.79;0.0;0.72;0.248;0.46172476;1.0;0.79257294;20240224_0240;0;5;OK
cnn2;0.005;16;Adam;categorical_crossentropy;180;cancer;1;none;100;568;38;0.57;21.0;0.55;0.45;0.45;0.45;0.5;0.5;0.5;0.0;0.0;0.0;1.0;1.0;1.0;0.0;0.0;0.0;1.0;1.0;1.0;20231212_1500;0;1;OK
cnn2;0.005;16;Adam;categorical_hinge;180;cancer;0;none;100;366;48;0.59;29.0;0.6;0.4;0.4;0.4000000000000001;0.5;0.5;0.5;0.0;0.0;0.0;1.0;1.0;1.0;0.0;0.0;0.0;1.0;1.0;1.0;20240224_0524;0;6;OK
cnn2;0.005;16;Adam;focal_loss;180;cancer;0;none;100;366;48;0.59;29.0;0.6;0.4;0.67;0.45166666666666666;0.5;0.64;0.525;0.0;0.69;0.13166666666666665;0.63;1.0;0.93;0.0;0.75;0.24833333333333332;0.50219876;1.0;0.8379647599999999;20240224_0430;0;6;OK
cnn2;0.005;16;Adam;kl_divergence;180;cancer;0;none;100;366;48;0.59;29.0;0.6;0.4;0.4;0.4;0.5;0.5;0.5;0.0;0.0;0.0;1.0;1.0;1.0;0.0;0.0;0.0;1.0;1.0;1.0;20240224_0220;0;5;OK
cnn2;0.005;16;Adam;squared_hinge;180;cancer;0;none;100;366;48;0.59;29.0;0.6;0.4;0.4;0.4000000000000001;0.5;0.5;0.5;0.0;0.0;0.0;1.0;1.0;1.0;0.0;0.0;0.0;1.0;1.0;1.0;20240224_0509;0;6;OK
cnn2;0.005;16;SGD;binary_crossentropy;180;cancer;0;none;100;366;48;0.59;29.0;0.6;0.48;0.58;0.516;0.37;0.57;0.442;0.21;0.55;0.44800000000000006;0.47;0.95;0.6199999999999999;0.58;0.86;0.6799999999999999;0.5035377;0.5055129;0.50465256;20240224_0315;0;5;OK
cnn2;0.005;16;SGD;categorical_crossentropy;180;cancer;0;none;100;284;38;0.57;21.0;0.55;0.68;0.68;0.68;0.66;0.66;0.66;0.62;0.62;0.62;0.76;0.76;0.76;0.76;0.76;0.76;0.5213749;0.5213749;0.5213749;20231212_1308;0;1;OK
cnn2;0.005;16;SGD;categorical_crossentropy;180;cancer;0;none;100;366;48;0.59;29.0;0.6;0.52;0.69;0.5980000000000001;0.42;0.6;0.512;0.41;0.86;0.6759999999999999;0.26;0.79;0.484;0.62;0.75;0.674;0.39315677;0.5195569;0.48701363400000003;20240224_0410;1;5;OK
cnn2;0.005;16;SGD;categorical_crossentropy;180;cancer;1;none;100;568;38;0.57;21.0;0.55;0.61;0.61;0.61;0.55;0.55;0.55;0.38;0.38;0.38;0.88;0.88;0.88;0.8;0.8;0.8;0.529824;0.529824;0.529824;20231212_1510;0;1;OK
cnn2;0.005;16;SGD;categorical_hinge;180;cancer;0;none;100;366;48;0.59;29.0;0.6;0.5;0.58;0.54;0.46;0.52;0.484;0.45;0.72;0.5599999999999999;0.37;0.68;0.516;0.59;0.68;0.642;0.5026453;0.5189572;0.508540392;20240224_0342;0;5;OK
cnn2;0.005;16;SGD;focal_loss;180;cancer;0;none;100;366;48;0.59;29.0;0.6;0.71;0.73;0.718;0.62;0.64;0.632;0.86;0.9;0.876;0.47;0.47;0.4699999999999999;0.71;0.72;0.714;0.4213313;0.4531592;0.43793331999999996;20240224_0256;5;5;OK
cnn2;0.005;16;SGD;kl_divergence;180;cancer;0;none;100;366;48;0.59;29.0;0.6;0.46;0.56;0.52;0.44;0.45;0.442;0.41;0.59;0.532;0.47;0.53;0.506;0.57;0.65;0.618;0.6935805;0.9960461;0.9323847799999999;20240224_0355;0;5;OK
cnn2;0.005;16;SGD;squared_hinge;180;cancer;0;none;100;366;48;0.59;29.0;0.6;0.58;0.62;0.604;0.54;0.58;0.5599999999999999;0.55;0.72;0.648;0.47;0.63;0.546;0.66;0.72;0.6900000000000001;0.38440722;0.49042204;0.44148967800000005;20240224_0328;0;5;OK
cnn2;0.005;32;Adam;categorical_crossentropy;180;cancer;0;none;100;284;38;0.57;21.0;0.55;0.45;0.45;0.45;0.5;0.5;0.5;0.0;0.0;0.0;1.0;1.0;1.0;0.0;0.0;0.0;1.0;1.0;1.0;20231212_1315;0;1;OK
cnn2;0.005;32;Adam;categorical_crossentropy;180;cancer;1;none;100;568;38;0.57;21.0;0.55;0.45;0.45;0.45;0.5;0.5;0.5;0.0;0.0;0.0;1.0;1.0;1.0;0.0;0.0;0.0;1.0;1.0;1.0;20231212_1521;0;1;OK
cnn2;0.005;32;SGD;categorical_crossentropy;180;cancer;0;none;100;284;38;0.57;21.0;0.55;0.61;0.61;0.61;0.52;0.52;0.52;0.62;0.62;0.62;0.59;0.59;0.59;0.65;0.65;0.65;0.50186175;0.50186175;0.50186175;20231212_1322;0;1;OK
cnn2;0.005;32;SGD;categorical_crossentropy;180;cancer;1;none;100;568;38;0.57;21.0;0.55;0.63;0.63;0.63;0.56;0.56;0.56;0.71;0.71;0.71;0.53;0.53;0.53;0.65;0.65;0.65;0.5039071;0.5039071;0.5039071;20231212_1531;0;1;OK
cnn2;0.01;8;Adam;categorical_crossentropy;180;cancer;0;none;100;284;38;0.57;21.0;0.55;0.45;0.45;0.45;0.5;0.5;0.5;0.0;0.0;0.0;1.0;1.0;1.0;0.0;0.0;0.0;1.0;1.0;1.0;20231212_1201;0;1;OK
cnn2;0.01;8;Adam;categorical_crossentropy;180;cancer;1;none;100;568;38;0.57;21.0;0.55;0.45;0.45;0.45;0.5;0.5;0.5;0.0;0.0;0.0;1.0;1.0;1.0;0.0;0.0;0.0;1.0;1.0;1.0;20231212_1333;0;1;OK
cnn2;0.01;8;SGD;categorical_crossentropy;180;cancer;0;none;100;284;38;0.57;21.0;0.55;0.74;0.74;0.74;0.76;0.76;0.76;0.71;0.71;0.71;0.76;0.76;0.76;0.79;0.79;0.79;0.5171905;0.5171905;0.5171905;20231212_1209;0;1;OK
cnn2;0.01;8;SGD;categorical_crossentropy;180;cancer;1;none;100;568;38;0.57;21.0;0.55;0.79;0.79;0.79;0.71;0.71;0.71;0.95;0.95;0.95;0.59;0.59;0.59;0.74;0.74;0.74;0.54065377;0.54065377;0.54065377;20231212_1344;1;1;OK
cnn2;0.01;16;Adam;categorical_crossentropy;180;cancer;0;none;100;284;38;0.57;21.0;0.55;0.45;0.45;0.45;0.5;0.5;0.5;0.0;0.0;0.0;1.0;1.0;1.0;0.0;0.0;0.0;1.0;1.0;1.0;20231212_1216;0;1;OK
cnn2;0.01;16;Adam;categorical_crossentropy;180;cancer;1;none;100;568;38;0.57;21.0;0.55;0.45;0.45;0.45;0.5;0.5;0.5;0.0;0.0;0.0;1.0;1.0;1.0;0.0;0.0;0.0;1.0;1.0;1.0;20231212_1355;0;1;OK
cnn2;0.01;16;SGD;categorical_crossentropy;180;cancer;0;none;100;284;38;0.57;21.0;0.55;0.68;0.68;0.68;0.68;0.68;0.68;0.62;0.62;0.62;0.76;0.76;0.76;0.76;0.76;0.76;0.5082632;0.5082632;0.5082632;20231212_1223;0;1;OK
cnn2;0.01;16;SGD;categorical_crossentropy;180;cancer;1;none;100;568;38;0.57;21.0;0.55;0.63;0.63;0.63;0.64;0.64;0.64;0.57;0.57;0.57;0.71;0.71;0.71;0.71;0.71;0.71;0.5274912;0.5274912;0.5274912;20231212_1405;1;1;OK
cnn2;0.01;32;Adam;categorical_crossentropy;180;cancer;0;none;100;284;38;0.57;21.0;0.55;0.45;0.45;0.45;0.5;0.5;0.5;0.0;0.0;0.0;1.0;1.0;1.0;0.0;0.0;0.0;1.0;1.0;1.0;20231212_1230;0;1;OK
cnn2;0.01;32;Adam;categorical_crossentropy;180;cancer;1;none;100;568;38;0.57;21.0;0.55;0.45;0.45;0.45;0.5;0.5;0.5;0.0;0.0;0.0;1.0;1.0;1.0;0.0;0.0;0.0;1.0;1.0;1.0;20231212_1417;0;1;OK
cnn2;0.01;32;SGD;categorical_crossentropy;180;cancer;0;none;100;284;38;0.57;21.0;0.55;0.71;0.71;0.71;0.69;0.69;0.69;0.57;0.57;0.57;0.88;0.88;0.88;0.86;0.86;0.86;0.58513063;0.58513063;0.58513063;20231212_1237;0;1;OK
cnn2;0.01;32;SGD;categorical_crossentropy;180;cancer;1;none;100;568;38;0.57;21.0;0.55;0.58;0.58;0.58;0.53;0.53;0.53;0.67;0.67;0.67;0.47;0.47;0.47;0.61;0.61;0.61;0.5285794;0.5285794;0.5285794;20231212_1427;0;1;OK
cnn3;0.005;8;Adam;categorical_crossentropy;180;cancer;0;none;100;284;38;0.57;21.0;0.55;0.45;0.45;0.45;0.5;0.5;0.5;0.0;0.0;0.0;1.0;1.0;1.0;0.0;0.0;0.0;1.0;1.0;1.0;20231212_1246;0;1;OK
cnn3;0.005;8;Adam;categorical_crossentropy;180;cancer;1;none;100;568;38;0.57;21.0;0.55;0.45;0.45;0.45;0.5;0.5;0.5;0.0;0.0;0.0;1.0;1.0;1.0;0.0;0.0;0.0;1.0;1.0;1.0;20231212_1439;0;1;OK
cnn3;0.005;8;SGD;categorical_crossentropy;180;cancer;0;none;100;284;38;0.57;21.0;0.55;0.45;0.45;0.45;0.5;0.5;0.5;0.0;0.0;0.0;1.0;1.0;1.0;0.0;0.0;0.0;1.0;1.0;1.0;20231212_1254;0;1;OK
cnn3;0.005;8;SGD;categorical_crossentropy;180;cancer;1;none;100;568;38;0.57;21.0;0.55;0.45;0.45;0.45;0.5;0.5;0.5;0.0;0.0;0.0;1.0;1.0;1.0;0.0;0.0;0.0;1.0;1.0;1.0;20231212_1450;0;1;OK
cnn3;0.005;16;Adam;binary_crossentropy;180;cancer;0;none;100;366;48;0.59;29.0;0.6;0.65;0.71;0.69;0.62;0.71;0.6516666666666667;0.66;0.83;0.7533333333333333;0.47;0.68;0.5866666666666667;0.71;0.78;0.7383333333333333;0.32573995;0.9325962;0.48622954166666665;20240224_0449;2;6;OK
cnn3;0.005;16;Adam;categorical_crossentropy;180;cancer;0;none;100;284;38;0.57;21.0;0.55;0.45;0.45;0.45;0.5;0.5;0.5;0.0;0.0;0.0;1.0;1.0;1.0;0.0;0.0;0.0;1.0;1.0;1.0;20231212_1302;0;1;OK
cnn3;0.005;16;Adam;categorical_crossentropy;180;cancer;0;none;100;366;48;0.59;29.0;0.6;0.62;0.73;0.688;0.6;0.67;0.632;0.59;0.9;0.78;0.47;0.68;0.546;0.7;0.75;0.724;0.32093105;0.62067956;0.450962716;20240224_0240;2;5;OK
cnn3;0.005;16;Adam;categorical_crossentropy;180;cancer;1;none;100;568;38;0.57;21.0;0.55;0.45;0.45;0.45;0.5;0.5;0.5;0.0;0.0;0.0;1.0;1.0;1.0;0.0;0.0;0.0;1.0;1.0;1.0;20231212_1500;0;1;OK
cnn3;0.005;16;Adam;categorical_hinge;180;cancer;0;none;100;366;48;0.59;29.0;0.6;0.4;0.4;0.4000000000000001;0.5;0.5;0.5;0.0;0.0;0.0;1.0;1.0;1.0;0.0;0.0;0.0;1.0;1.0;1.0;20240224_0524;0;6;OK
cnn3;0.005;16;Adam;focal_loss;180;cancer;0;none;100;366;48;0.59;29.0;0.6;0.4;0.52;0.42;0.5;0.55;0.5083333333333333;0.0;0.34;0.05666666666666667;0.79;1.0;0.965;0.0;0.71;0.11833333333333333;1.0;4.693905037;1.6156508395;20240224_0431;0;6;OK
cnn3;0.005;16;Adam;kl_divergence;180;cancer;0;none;100;366;48;0.59;29.0;0.6;0.4;0.4;0.4;0.5;0.5;0.5;0.0;0.0;0.0;1.0;1.0;1.0;0.0;0.0;0.0;1.0;1.0;1.0;20240224_0220;0;5;OK
cnn3;0.005;16;Adam;squared_hinge;180;cancer;0;none;100;366;48;0.59;29.0;0.6;0.4;0.4;0.4000000000000001;0.5;0.5;0.5;0.0;0.0;0.0;1.0;1.0;1.0;0.0;0.0;0.0;1.0;1.0;1.0;20240224_0509;0;6;OK
cnn3;0.005;16;SGD;binary_crossentropy;180;cancer;0;none;100;366;48;0.59;29.0;0.6;0.5;0.65;0.6140000000000001;0.41;0.63;0.57;0.62;0.76;0.678;0.32;0.63;0.516;0.58;0.73;0.6819999999999999;0.36972117;0.7179286;0.48775307999999995;20240224_0315;4;5;OK
cnn3;0.005;16;SGD;categorical_crossentropy;180;cancer;0;none;100;284;38;0.57;21.0;0.55;0.45;0.45;0.45;0.5;0.5;0.5;0.0;0.0;0.0;1.0;1.0;1.0;0.0;0.0;0.0;1.0;1.0;1.0;20231212_1308;0;1;OK
cnn3;0.005;16;SGD;categorical_crossentropy;180;cancer;0;none;100;366;48;0.59;29.0;0.6;0.67;0.71;0.694;0.57;0.64;0.608;0.69;0.86;0.806;0.47;0.63;0.514;0.71;0.74;0.718;0.32385266;0.50600106;0.40073316200000003;20240224_0411;5;5;OK
cnn3;0.005;16;SGD;categorical_crossentropy;180;cancer;1;none;100;568;38;0.57;21.0;0.55;0.45;0.45;0.45;0.5;0.5;0.5;0.0;0.0;0.0;1.0;1.0;1.0;0.0;0.0;0.0;1.0;1.0;1.0;20231212_1511;0;1;OK
cnn3;0.005;16;SGD;categorical_hinge;180;cancer;0;none;100;366;48;0.59;29.0;0.6;0.44;0.56;0.512;0.38;0.57;0.446;0.31;0.59;0.476;0.37;0.68;0.568;0.56;0.7;0.628;0.9923598;0.99389404;0.993255556;20240224_0342;0;5;OK
cnn3;0.005;16;SGD;focal_loss;180;cancer;0;none;100;366;48;0.59;29.0;0.6;0.4;0.58;0.46799999999999997;0.5;0.57;0.522;0.0;0.59;0.19999999999999998;0.58;1.0;0.874;0.0;0.75;0.28600000000000003;0.9999945;4.684886016;1.7369761032;20240224_0257;0;5;OK
cnn3;0.005;16;SGD;kl_divergence;180;cancer;0;none;100;366;48;0.59;29.0;0.6;0.48;0.62;0.576;0.47;0.61;0.542;0.34;0.76;0.578;0.37;0.79;0.5800000000000001;0.62;0.78;0.682;0.9977042;0.99997437;0.9991063459999999;20240224_0355;0;5;OK
cnn3;0.005;16;SGD;squared_hinge;180;cancer;0;none;100;366;48;0.59;29.0;0.6;0.48;0.58;0.532;0.4;0.56;0.49400000000000005;0.41;0.59;0.48999999999999994;0.53;0.68;0.6;0.6;0.71;0.65;0.05407751;0.057951253;0.055982255;20240224_0329;0;5;OK
cnn3;0.005;32;Adam;categorical_crossentropy;180;cancer;0;none;100;284;38;0.57;21.0;0.55;0.45;0.45;0.45;0.5;0.5;0.5;0.0;0.0;0.0;1.0;1.0;1.0;0.0;0.0;0.0;1.0;1.0;1.0;20231212_1316;0;1;OK
cnn3;0.005;32;Adam;categorical_crossentropy;180;cancer;1;none;100;568;38;0.57;21.0;0.55;0.45;0.45;0.45;0.5;0.5;0.5;0.0;0.0;0.0;1.0;1.0;1.0;0.0;0.0;0.0;1.0;1.0;1.0;20231212_1522;0;1;OK
cnn3;0.005;32;SGD;categorical_crossentropy;180;cancer;0;none;100;284;38;0.57;21.0;0.55;0.45;0.45;0.45;0.5;0.5;0.5;0.0;0.0;0.0;1.0;1.0;1.0;0.0;0.0;0.0;1.0;1.0;1.0;20231212_1322;0;1;OK
cnn3;0.005;32;SGD;categorical_crossentropy;180;cancer;1;none;100;568;38;0.57;21.0;0.55;0.45;0.45;0.45;0.5;0.5;0.5;0.0;0.0;0.0;1.0;1.0;1.0;0.0;0.0;0.0;1.0;1.0;1.0;20231212_1531;0;1;OK
cnn3;0.01;8;Adam;categorical_crossentropy;180;cancer;0;none;100;284;38;0.57;21.0;0.55;0.45;0.45;0.45;0.5;0.5;0.5;0.0;0.0;0.0;1.0;1.0;1.0;0.0;0.0;0.0;1.0;1.0;1.0;20231212_1202;0;1;OK
cnn3;0.01;8;Adam;categorical_crossentropy;180;cancer;1;none;100;568;38;0.57;21.0;0.55;0.45;0.45;0.45;0.5;0.5;0.5;0.0;0.0;0.0;1.0;1.0;1.0;0.0;0.0;0.0;1.0;1.0;1.0;20231212_1333;0;1;OK
cnn3;0.01;8;SGD;categorical_crossentropy;180;cancer;0;none;100;284;38;0.57;21.0;0.55;0.53;0.53;0.53;0.41;0.41;0.41;0.62;0.62;0.62;0.41;0.41;0.41;0.57;0.57;0.57;8.011829019;8.011829019;8.011829019;20231212_1209;0;1;OK
cnn3;0.01;8;SGD;categorical_crossentropy;180;cancer;1;none;100;568;38;0.57;21.0;0.55;0.55;0.55;0.55;0.46;0.46;0.46;0.62;0.62;0.62;0.47;0.47;0.47;0.59;0.59;0.59;8.797797019;8.797797019;8.797797019;20231212_1344;0;1;OK
cnn3;0.01;16;Adam;categorical_crossentropy;180;cancer;0;none;100;284;38;0.57;21.0;0.55;0.45;0.45;0.45;0.5;0.5;0.5;0.0;0.0;0.0;1.0;1.0;1.0;0.0;0.0;0.0;1.0;1.0;1.0;20231212_1216;0;1;OK
cnn3;0.01;16;Adam;categorical_crossentropy;180;cancer;1;none;100;568;38;0.57;21.0;0.55;0.45;0.45;0.45;0.5;0.5;0.5;0.0;0.0;0.0;1.0;1.0;1.0;0.0;0.0;0.0;1.0;1.0;1.0;20231212_1355;0;1;OK
cnn3;0.01;16;SGD;categorical_crossentropy;180;cancer;0;none;100;284;38;0.57;21.0;0.55;0.45;0.45;0.45;0.5;0.5;0.5;0.0;0.0;0.0;1.0;1.0;1.0;0.0;0.0;0.0;1.0;1.0;1.0;20231212_1223;0;1;OK
cnn3;0.01;16;SGD;categorical_crossentropy;180;cancer;1;none;100;568;38;0.57;21.0;0.55;0.45;0.45;0.45;0.5;0.5;0.5;0.0;0.0;0.0;1.0;1.0;1.0;0.0;0.0;0.0;1.0;1.0;1.0;20231212_1405;0;1;OK
cnn3;0.01;32;Adam;categorical_crossentropy;180;cancer;0;none;100;284;38;0.57;21.0;0.55;0.45;0.45;0.45;0.5;0.5;0.5;0.0;0.0;0.0;1.0;1.0;1.0;0.0;0.0;0.0;1.0;1.0;1.0;20231212_1231;0;1;OK
cnn3;0.01;32;Adam;categorical_crossentropy;180;cancer;1;none;100;568;38;0.57;21.0;0.55;0.45;0.45;0.45;0.5;0.5;0.5;0.0;0.0;0.0;1.0;1.0;1.0;0.0;0.0;0.0;1.0;1.0;1.0;20231212_1418;0;1;OK
cnn3;0.01;32;SGD;categorical_crossentropy;180;cancer;0;none;100;284;38;0.57;21.0;0.55;0.45;0.45;0.45;0.5;0.5;0.5;0.0;0.0;0.0;1.0;1.0;1.0;0.0;0.0;0.0;1.0;1.0;1.0;20231212_1237;0;1;OK
cnn3;0.01;32;SGD;categorical_crossentropy;180;cancer;1;none;100;568;38;0.57;21.0;0.55;0.63;0.63;0.63;0.65;0.65;0.65;0.62;0.62;0.62;0.65;0.65;0.65;0.68;0.68;0.68;9.12213018;9.12213018;9.12213018;20231212_1427;0;1;OK
cnn4;0.005;8;Adam;categorical_crossentropy;180;cancer;0;none;100;284;38;0.57;21.0;0.55;0.68;0.68;0.68;0.65;0.65;0.65;0.67;0.67;0.67;0.71;0.71;0.71;0.74;0.74;0.74;0.6272508;0.6272508;0.6272508;20231212_1246;0;1;OK
cnn4;0.005;8;Adam;categorical_crossentropy;180;cancer;1;none;100;568;38;0.57;21.0;0.55;0.61;0.61;0.61;0.57;0.57;0.57;0.9;0.9;0.9;0.24;0.24;0.24;0.59;0.59;0.59;0.54950786;0.54950786;0.54950786;20231212_1439;0;1;OK
cnn4;0.005;8;SGD;categorical_crossentropy;180;cancer;0;none;100;284;38;0.57;21.0;0.55;0.53;0.53;0.53;0.42;0.42;0.42;0.29;0.29;0.29;0.82;0.82;0.82;0.67;0.67;0.67;0.5219039;0.5219039;0.5219039;20231212_1254;0;1;OK
cnn4;0.005;8;SGD;categorical_crossentropy;180;cancer;1;none;100;568;38;0.57;21.0;0.55;0.55;0.55;0.55;0.46;0.46;0.46;0.24;0.24;0.24;0.94;0.94;0.94;0.83;0.83;0.83;0.573727;0.573727;0.573727;20231212_1450;0;1;OK
cnn4;0.005;16;Adam;binary_crossentropy;180;cancer;0;none;100;366;48;0.59;29.0;0.6;0.4;0.58;0.4633333333333333;0.44;0.5;0.47833333333333333;0.0;0.48;0.245;0.58;1.0;0.79;0.0;0.74;0.4283333333333334;0.46993643;1.0;0.7077498050000001;20240224_0449;0;6;OK
cnn4;0.005;16;Adam;categorical_crossentropy;180;cancer;0;none;100;284;38;0.57;21.0;0.55;0.45;0.45;0.45;0.5;0.5;0.5;0.0;0.0;0.0;1.0;1.0;1.0;0.0;0.0;0.0;1.0;1.0;1.0;20231212_1302;0;1;OK
cnn4;0.005;16;Adam;categorical_crossentropy;180;cancer;0;none;100;366;48;0.59;29.0;0.6;0.4;0.69;0.5439999999999999;0.49;0.6;0.534;0.0;0.83;0.434;0.47;1.0;0.7060000000000001;0.0;0.71;0.41600000000000004;0.5791651;1.0;0.8031173;20240224_0241;0;5;OK
cnn4;0.005;16;Adam;categorical_crossentropy;180;cancer;1;none;100;568;38;0.57;21.0;0.55;0.45;0.45;0.45;0.5;0.5;0.5;0.0;0.0;0.0;1.0;1.0;1.0;0.0;0.0;0.0;1.0;1.0;1.0;20231212_1500;0;1;OK
cnn4;0.005;16;Adam;categorical_hinge;180;cancer;0;none;100;366;48;0.59;29.0;0.6;0.4;0.4;0.4000000000000001;0.5;0.5;0.5;0.0;0.0;0.0;1.0;1.0;1.0;0.0;0.0;0.0;1.0;1.0;1.0;20240224_0524;0;6;OK
cnn4;0.005;16;Adam;focal_loss;180;cancer;0;none;100;366;48;0.59;29.0;0.6;0.4;0.71;0.48500000000000004;0.5;0.63;0.53;0.0;0.83;0.24166666666666667;0.53;1.0;0.8516666666666667;0.0;1.0;0.40166666666666667;0.39588532;1.0;0.7382606566666667;20240224_0431;1;6;OK
cnn4;0.005;16;Adam;kl_divergence;180;cancer;0;none;100;366;48;0.59;29.0;0.6;0.4;0.4;0.4;0.5;0.5;0.5;0.0;0.0;0.0;1.0;1.0;1.0;0.0;0.0;0.0;1.0;1.0;1.0;20240224_0221;0;5;OK
cnn4;0.005;16;Adam;squared_hinge;180;cancer;0;none;100;366;48;0.59;29.0;0.6;0.4;0.62;0.4566666666666667;0.46;0.51;0.49500000000000005;0.0;0.72;0.21166666666666667;0.47;1.0;0.8233333333333333;0.0;0.68;0.21666666666666667;1.0;4.4746146016;1.8865140339500002;20240224_0509;0;6;OK
cnn4;0.005;16;SGD;binary_crossentropy;180;cancer;0;none;100;366;48;0.59;29.0;0.6;0.52;0.69;0.594;0.44;0.59;0.532;0.34;0.79;0.55;0.53;0.79;0.664;0.65;0.78;0.718;0.4971649;0.55619246;0.53282077;20240224_0316;1;5;OK
cnn4;0.005;16;SGD;categorical_crossentropy;180;cancer;0;none;100;284;38;0.57;21.0;0.55;0.53;0.53;0.53;0.5;0.5;0.5;0.38;0.38;0.38;0.71;0.71;0.71;0.62;0.62;0.62;0.7825116;0.7825116;0.7825116;20231212_1309;0;1;OK
cnn4;0.005;16;SGD;categorical_crossentropy;180;cancer;0;none;100;366;48;0.59;29.0;0.6;0.67;0.73;0.694;0.59;0.68;0.632;0.66;0.9;0.78;0.47;0.68;0.556;0.71;0.76;0.73;0.36185068;0.4822632;0.40646229;20240224_0411;5;5;OK
cnn4;0.005;16;SGD;categorical_crossentropy;180;cancer;1;none;100;568;38;0.57;21.0;0.55;0.63;0.63;0.63;0.61;0.61;0.61;0.52;0.52;0.52;0.76;0.76;0.76;0.73;0.73;0.73;0.55554414;0.55554414;0.55554414;20231212_1511;0;1;OK
cnn4;0.005;16;SGD;categorical_hinge;180;cancer;0;none;100;366;48;0.59;29.0;0.6;0.46;0.62;0.5519999999999999;0.39;0.58;0.504;0.31;0.66;0.532;0.42;0.68;0.588;0.6;0.7;0.658;0.95504725;0.9667927;0.96035112;20240224_0342;0;5;OK
cnn4;0.005;16;SGD;focal_loss;180;cancer;0;none;100;366;48;0.59;29.0;0.6;0.69;0.75;0.722;0.61;0.66;0.636;0.83;0.9;0.8640000000000001;0.47;0.63;0.502;0.71;0.77;0.726;0.38574046;0.49868834;0.445058076;20240224_0258;4;5;OK
cnn4;0.005;16;SGD;kl_divergence;180;cancer;0;none;100;366;48;0.59;29.0;0.6;0.46;0.71;0.542;0.36;0.6;0.458;0.28;0.93;0.5740000000000001;0.32;0.74;0.496;0.59;0.69;0.6279999999999999;0.9896827;0.99137986;0.9903502420000001;20240224_0356;0;5;OK
cnn4;0.005;16;SGD;squared_hinge;180;cancer;0;none;100;366;48;0.59;29.0;0.6;0.58;0.75;0.6359999999999999;0.47;0.75;0.596;0.45;0.79;0.64;0.47;0.79;0.63;0.68;0.79;0.728;0.13340364;0.1382709;0.134678696;20240224_0329;0;5;OK
cnn4;0.005;32;Adam;categorical_crossentropy;180;cancer;0;none;100;284;38;0.57;21.0;0.55;0.66;0.66;0.66;0.64;0.64;0.64;0.76;0.76;0.76;0.53;0.53;0.53;0.67;0.67;0.67;0.70011765;0.70011765;0.70011765;20231212_1316;0;1;OK
cnn4;0.005;32;Adam;categorical_crossentropy;180;cancer;1;none;100;568;38;0.57;21.0;0.55;0.45;0.45;0.45;0.5;0.5;0.5;0.0;0.0;0.0;1.0;1.0;1.0;0.0;0.0;0.0;1.0;1.0;1.0;20231212_1522;0;1;OK
cnn4;0.005;32;SGD;categorical_crossentropy;180;cancer;0;none;100;284;38;0.57;21.0;0.55;0.66;0.66;0.66;0.63;0.63;0.63;0.71;0.71;0.71;0.59;0.59;0.59;0.68;0.68;0.68;0.60516965;0.60516965;0.60516965;20231212_1322;0;1;OK
cnn4;0.005;32;SGD;categorical_crossentropy;180;cancer;1;none;100;568;38;0.57;21.0;0.55;0.66;0.66;0.66;0.58;0.58;0.58;0.76;0.76;0.76;0.53;0.53;0.53;0.67;0.67;0.67;0.6271928;0.6271928;0.6271928;20231212_1532;0;1;OK
cnn4;0.01;8;Adam;categorical_crossentropy;180;cancer;0;none;100;284;38;0.57;21.0;0.55;0.45;0.45;0.45;0.5;0.5;0.5;0.0;0.0;0.0;1.0;1.0;1.0;0.0;0.0;0.0;1.0;1.0;1.0;20231212_1202;0;1;OK
cnn4;0.01;8;Adam;categorical_crossentropy;180;cancer;1;none;100;568;38;0.57;21.0;0.55;0.45;0.45;0.45;0.5;0.5;0.5;0.0;0.0;0.0;1.0;1.0;1.0;0.0;0.0;0.0;1.0;1.0;1.0;20231212_1333;0;1;OK
cnn4;0.01;8;SGD;categorical_crossentropy;180;cancer;0;none;100;284;38;0.57;21.0;0.55;0.58;0.58;0.58;0.38;0.38;0.38;0.76;0.76;0.76;0.35;0.35;0.35;0.59;0.59;0.59;0.029886313;0.029886313;0.029886313;20231212_1209;0;1;OK
cnn4;0.01;8;SGD;categorical_crossentropy;180;cancer;1;none;100;568;38;0.57;21.0;0.55;0.53;0.53;0.53;0.45;0.45;0.45;0.67;0.67;0.67;0.35;0.35;0.35;0.56;0.56;0.56;0.55892116;0.55892116;0.55892116;20231212_1344;0;1;OK
cnn4;0.01;16;Adam;categorical_crossentropy;180;cancer;0;none;100;284;38;0.57;21.0;0.55;0.45;0.45;0.45;0.5;0.5;0.5;0.0;0.0;0.0;1.0;1.0;1.0;0.0;0.0;0.0;1.0;1.0;1.0;20231212_1217;0;1;OK
cnn4;0.01;16;Adam;categorical_crossentropy;180;cancer;1;none;100;568;38;0.57;21.0;0.55;0.45;0.45;0.45;0.5;0.5;0.5;0.0;0.0;0.0;1.0;1.0;1.0;0.0;0.0;0.0;1.0;1.0;1.0;20231212_1356;0;1;OK
cnn4;0.01;16;SGD;categorical_crossentropy;180;cancer;0;none;100;284;38;0.57;21.0;0.55;0.55;0.55;0.55;0.52;0.52;0.52;0.52;0.52;0.52;0.59;0.59;0.59;0.61;0.61;0.61;0.5076854;0.5076854;0.5076854;20231212_1224;0;1;OK
cnn4;0.01;16;SGD;categorical_crossentropy;180;cancer;1;none;100;568;38;0.57;21.0;0.55;0.76;0.76;0.76;0.73;0.73;0.73;0.9;0.9;0.9;0.59;0.59;0.59;0.73;0.73;0.73;0.55325365;0.55325365;0.55325365;20231212_1406;1;1;OK
cnn4;0.01;32;Adam;categorical_crossentropy;180;cancer;0;none;100;284;38;0.57;21.0;0.55;0.45;0.45;0.45;0.5;0.5;0.5;0.0;0.0;0.0;1.0;1.0;1.0;0.0;0.0;0.0;1.0;1.0;1.0;20231212_1231;0;1;OK
cnn4;0.01;32;Adam;categorical_crossentropy;180;cancer;1;none;100;568;38;0.57;21.0;0.55;0.45;0.45;0.45;0.5;0.5;0.5;0.0;0.0;0.0;1.0;1.0;1.0;0.0;0.0;0.0;1.0;1.0;1.0;20231212_1418;0;1;OK
cnn4;0.01;32;SGD;categorical_crossentropy;180;cancer;0;none;100;284;38;0.57;21.0;0.55;0.53;0.53;0.53;0.49;0.49;0.49;0.52;0.52;0.52;0.53;0.53;0.53;0.58;0.58;0.58;0.543087;0.543087;0.543087;20231212_1238;0;1;OK
cnn4;0.01;32;SGD;categorical_crossentropy;180;cancer;1;none;100;568;38;0.57;21.0;0.55;0.71;0.71;0.71;0.69;0.69;0.69;0.76;0.76;0.76;0.65;0.65;0.65;0.73;0.73;0.73;0.57743305;0.57743305;0.57743305;20231212_1428;0;1;OK
cnn5;0.005;8;Adam;categorical_crossentropy;180;cancer;0;none;100;284;38;0.57;21.0;0.55;0.45;0.45;0.45;0.5;0.5;0.5;0.0;0.0;0.0;1.0;1.0;1.0;0.0;0.0;0.0;1.0;1.0;1.0;20231212_1246;0;1;OK
cnn5;0.005;8;Adam;categorical_crossentropy;180;cancer;1;none;100;568;38;0.57;21.0;0.55;0.45;0.45;0.45;0.5;0.5;0.5;0.0;0.0;0.0;1.0;1.0;1.0;0.0;0.0;0.0;1.0;1.0;1.0;20231212_1440;0;1;OK
cnn5;0.005;8;SGD;categorical_crossentropy;180;cancer;0;none;100;284;38;0.57;21.0;0.55;0.45;0.45;0.45;0.47;0.47;0.47;0.0;0.0;0.0;1.0;1.0;1.0;0.0;0.0;0.0;1.0;1.0;1.0;20231212_1255;0;1;OK
cnn5;0.005;8;SGD;categorical_crossentropy;180;cancer;1;none;100;568;38;0.57;21.0;0.55;0.45;0.45;0.45;0.5;0.5;0.5;0.0;0.0;0.0;1.0;1.0;1.0;0.0;0.0;0.0;1.0;1.0;1.0;20231212_1450;0;1;OK
cnn5;0.005;16;Adam;binary_crossentropy;180;cancer;0;none;100;366;48;0.59;29.0;0.6;0.4;0.4;0.4000000000000001;0.5;0.5;0.5;0.0;0.0;0.0;1.0;1.0;1.0;0.0;0.0;0.0;1.0;1.0;1.0;20240224_0450;0;6;OK
cnn5;0.005;16;Adam;categorical_crossentropy;180;cancer;0;none;100;284;38;0.57;21.0;0.55;0.45;0.45;0.45;0.5;0.5;0.5;0.0;0.0;0.0;1.0;1.0;1.0;0.0;0.0;0.0;1.0;1.0;1.0;20231212_1302;0;1;OK
cnn5;0.005;16;Adam;categorical_crossentropy;180;cancer;0;none;100;366;48;0.59;29.0;0.6;0.4;0.4;0.4;0.5;0.5;0.5;0.0;0.0;0.0;1.0;1.0;1.0;0.0;0.0;0.0;1.0;1.0;1.0;20240224_0241;0;5;OK
cnn5;0.005;16;Adam;categorical_crossentropy;180;cancer;1;none;100;568;38;0.57;21.0;0.55;0.45;0.45;0.45;0.5;0.5;0.5;0.0;0.0;0.0;1.0;1.0;1.0;0.0;0.0;0.0;1.0;1.0;1.0;20231212_1501;0;1;OK
cnn5;0.005;16;Adam;categorical_hinge;180;cancer;0;none;100;366;48;0.59;29.0;0.6;0.4;0.4;0.4000000000000001;0.5;0.5;0.5;0.0;0.0;0.0;1.0;1.0;1.0;0.0;0.0;0.0;1.0;1.0;1.0;20240224_0525;0;6;OK
cnn5;0.005;16;Adam;focal_loss;180;cancer;0;none;100;366;48;0.59;29.0;0.6;0.4;0.4;0.4000000000000001;0.5;0.5;0.5;0.0;0.0;0.0;1.0;1.0;1.0;0.0;0.0;0.0;1.0;1.0;1.0;20240224_0432;0;6;OK
cnn5;0.005;16;Adam;kl_divergence;180;cancer;0;none;100;366;48;0.59;29.0;0.6;0.4;0.4;0.4;0.5;0.5;0.5;0.0;0.0;0.0;1.0;1.0;1.0;0.0;0.0;0.0;1.0;1.0;1.0;20240224_0221;0;5;OK
cnn5;0.005;16;Adam;squared_hinge;180;cancer;0;none;100;366;48;0.59;29.0;0.6;0.4;0.4;0.4000000000000001;0.5;0.5;0.5;0.0;0.0;0.0;1.0;1.0;1.0;0.0;0.0;0.0;1.0;1.0;1.0;20240224_0510;0;6;OK
cnn5;0.005;16;SGD;binary_crossentropy;180;cancer;0;none;100;366;48;0.59;29.0;0.6;0.46;0.69;0.5660000000000001;0.42;0.6;0.502;0.38;0.9;0.586;0.37;0.63;0.5359999999999999;0.58;0.7;0.6519999999999999;0.50229865;0.513696;0.50532513;20240224_0316;0;5;OK
cnn5;0.005;16;SGD;categorical_crossentropy;180;cancer;0;none;100;284;38;0.57;21.0;0.55;0.61;0.61;0.61;0.55;0.55;0.55;1.0;1.0;1.0;0.12;0.12;0.12;0.58;0.58;0.58;0.5066728;0.5066728;0.5066728;20231212_1309;0;1;OK
cnn5;0.005;16;SGD;categorical_crossentropy;180;cancer;0;none;100;366;48;0.59;29.0;0.6;0.56;0.67;0.6180000000000001;0.48;0.7;0.596;0.41;0.76;0.634;0.47;0.79;0.5900000000000001;0.64;0.75;0.706;0.50491214;0.53317827;0.511780922;20240224_0412;0;5;OK
cnn5;0.005;16;SGD;categorical_crossentropy;180;cancer;1;none;100;568;38;0.57;21.0;0.55;0.45;0.45;0.45;0.5;0.5;0.5;0.0;0.0;0.0;1.0;1.0;1.0;0.0;0.0;0.0;1.0;1.0;1.0;20231212_1512;0;1;OK
cnn5;0.005;16;SGD;categorical_hinge;180;cancer;0;none;100;366;48;0.59;29.0;0.6;0.52;0.71;0.6199999999999999;0.46;0.7;0.586;0.41;0.79;0.592;0.58;0.84;0.662;0.67;0.85;0.73;0.5051825;0.5292472;0.512966548;20240224_0343;0;5;OK
cnn5;0.005;16;SGD;focal_loss;180;cancer;0;none;100;366;48;0.59;29.0;0.6;0.54;0.69;0.612;0.45;0.68;0.588;0.41;0.66;0.558;0.53;0.79;0.696;0.64;0.79;0.738;0.46965852;0.5425466;0.505473548;20240224_0258;4;5;OK
cnn5;0.005;16;SGD;kl_divergence;180;cancer;0;none;100;366;48;0.59;29.0;0.6;0.54;0.73;0.602;0.39;0.64;0.54;0.48;0.86;0.62;0.32;0.74;0.58;0.61;0.75;0.7;0.38405985;0.51238894;0.473909998;20240224_0356;2;5;OK
cnn5;0.005;16;SGD;squared_hinge;180;cancer;0;none;100;366;48;0.59;29.0;0.6;0.52;0.65;0.5780000000000001;0.46;0.63;0.542;0.34;0.69;0.538;0.42;0.89;0.64;0.61;0.83;0.712;0.5050476;0.5091818;0.506155954;20240224_0329;0;5;OK
cnn5;0.005;32;Adam;categorical_crossentropy;180;cancer;0;none;100;284;38;0.57;21.0;0.55;0.45;0.45;0.45;0.5;0.5;0.5;0.0;0.0;0.0;1.0;1.0;1.0;0.0;0.0;0.0;1.0;1.0;1.0;20231212_1316;0;1;OK
cnn5;0.005;32;Adam;categorical_crossentropy;180;cancer;1;none;100;568;38;0.57;21.0;0.55;0.45;0.45;0.45;0.5;0.5;0.5;0.0;0.0;0.0;1.0;1.0;1.0;0.0;0.0;0.0;1.0;1.0;1.0;20231212_1523;0;1;OK
cnn5;0.005;32;SGD;categorical_crossentropy;180;cancer;0;none;100;284;38;0.57;21.0;0.55;0.37;0.37;0.37;0.25;0.25;0.25;0.43;0.43;0.43;0.29;0.29;0.29;0.43;0.43;0.43;0.5135773;0.5135773;0.5135773;20231212_1323;0;1;OK
cnn5;0.005;32;SGD;categorical_crossentropy;180;cancer;1;none;100;568;38;0.57;21.0;0.55;0.34;0.34;0.34;0.27;0.27;0.27;0.29;0.29;0.29;0.41;0.41;0.41;0.38;0.38;0.38;0.513278;0.513278;0.513278;20231212_1532;0;1;OK
cnn5;0.01;8;Adam;categorical_crossentropy;180;cancer;0;none;100;284;38;0.57;21.0;0.55;0.45;0.45;0.45;0.5;0.5;0.5;0.0;0.0;0.0;1.0;1.0;1.0;0.0;0.0;0.0;1.0;1.0;1.0;20231212_1202;0;1;OK
cnn5;0.01;8;Adam;categorical_crossentropy;180;cancer;1;none;100;568;38;0.57;21.0;0.55;0.45;0.45;0.45;0.5;0.5;0.5;0.0;0.0;0.0;1.0;1.0;1.0;0.0;0.0;0.0;1.0;1.0;1.0;20231212_1334;0;1;OK
cnn5;0.01;8;SGD;categorical_crossentropy;180;cancer;0;none;100;284;38;0.57;21.0;0.55;0.45;0.45;0.45;0.5;0.5;0.5;0.0;0.0;0.0;1.0;1.0;1.0;0.0;0.0;0.0;1.0;1.0;1.0;20231212_1210;0;1;OK
cnn5;0.01;8;SGD;categorical_crossentropy;180;cancer;1;none;100;568;38;0.57;21.0;0.55;0.47;0.47;0.47;0.52;0.52;0.52;0.05;0.05;0.05;1.0;1.0;1.0;1.0;1.0;1.0;0.5167465;0.5167465;0.5167465;20231212_1345;0;1;OK
cnn5;0.01;16;Adam;categorical_crossentropy;180;cancer;0;none;100;284;38;0.57;21.0;0.55;0.45;0.45;0.45;0.5;0.5;0.5;0.0;0.0;0.0;1.0;1.0;1.0;0.0;0.0;0.0;1.0;1.0;1.0;20231212_1217;0;1;OK
cnn5;0.01;16;Adam;categorical_crossentropy;180;cancer;1;none;100;568;38;0.57;21.0;0.55;0.45;0.45;0.45;0.5;0.5;0.5;0.0;0.0;0.0;1.0;1.0;1.0;0.0;0.0;0.0;1.0;1.0;1.0;20231212_1356;0;1;OK
cnn5;0.01;16;SGD;categorical_crossentropy;180;cancer;0;none;100;284;38;0.57;21.0;0.55;0.45;0.45;0.45;0.5;0.5;0.5;0.0;0.0;0.0;1.0;1.0;1.0;0.0;0.0;0.0;1.0;1.0;1.0;20231212_1224;0;1;OK
cnn5;0.01;16;SGD;categorical_crossentropy;180;cancer;1;none;100;568;38;0.57;21.0;0.55;0.66;0.66;0.66;0.67;0.67;0.67;0.48;0.48;0.48;0.88;0.88;0.88;0.83;0.83;0.83;0.51845706;0.51845706;0.51845706;20231212_1406;0;1;OK
cnn5;0.01;32;Adam;categorical_crossentropy;180;cancer;0;none;100;284;38;0.57;21.0;0.55;0.45;0.45;0.45;0.5;0.5;0.5;0.0;0.0;0.0;1.0;1.0;1.0;0.0;0.0;0.0;1.0;1.0;1.0;20231212_1231;0;1;OK
cnn5;0.01;32;Adam;categorical_crossentropy;180;cancer;1;none;100;568;38;0.57;21.0;0.55;0.45;0.45;0.45;0.5;0.5;0.5;0.0;0.0;0.0;1.0;1.0;1.0;0.0;0.0;0.0;1.0;1.0;1.0;20231212_1419;0;1;OK
cnn5;0.01;32;SGD;categorical_crossentropy;180;cancer;0;none;100;284;38;0.57;21.0;0.55;0.45;0.45;0.45;0.42;0.42;0.42;0.0;0.0;0.0;1.0;1.0;1.0;0.0;0.0;0.0;1.0;1.0;1.0;20231212_1238;0;1;OK
cnn5;0.01;32;SGD;categorical_crossentropy;180;cancer;1;none;100;568;38;0.57;21.0;0.55;0.71;0.71;0.71;0.73;0.73;0.73;0.62;0.62;0.62;0.82;0.82;0.82;0.81;0.81;0.81;0.50989574;0.50989574;0.50989574;20231212_1428;0;1;OK
cnn6;0.005;8;Adam;categorical_crossentropy;180;cancer;0;none;100;284;38;0.57;21.0;0.55;0.45;0.45;0.45;0.5;0.5;0.5;0.0;0.0;0.0;1.0;1.0;1.0;0.0;0.0;0.0;1.0;1.0;1.0;20231212_1246;0;1;OK
cnn6;0.005;8;Adam;categorical_crossentropy;180;cancer;1;none;100;568;38;0.57;21.0;0.55;0.45;0.45;0.45;0.5;0.5;0.5;0.0;0.0;0.0;1.0;1.0;1.0;0.0;0.0;0.0;1.0;1.0;1.0;20231212_1440;0;1;OK
cnn6;0.005;8;SGD;categorical_crossentropy;180;cancer;0;none;100;284;38;0.57;21.0;0.55;0.45;0.45;0.45;0.5;0.5;0.5;0.0;0.0;0.0;1.0;1.0;1.0;0.0;0.0;0.0;1.0;1.0;1.0;20231212_1255;0;1;OK
cnn6;0.005;8;SGD;categorical_crossentropy;180;cancer;1;none;100;568;38;0.57;21.0;0.55;0.45;0.45;0.45;0.5;0.5;0.5;0.0;0.0;0.0;1.0;1.0;1.0;0.0;0.0;0.0;1.0;1.0;1.0;20231212_1451;0;1;OK
cnn6;0.005;16;Adam;binary_crossentropy;180;cancer;0;none;100;366;48;0.59;29.0;0.6;0.4;0.4;0.4000000000000001;0.5;0.5;0.5;0.0;0.0;0.0;1.0;1.0;1.0;0.0;0.0;0.0;1.0;1.0;1.0;20240224_0450;0;6;OK
cnn6;0.005;16;Adam;categorical_crossentropy;180;cancer;0;none;100;284;38;0.57;21.0;0.55;0.45;0.45;0.45;0.5;0.5;0.5;0.0;0.0;0.0;1.0;1.0;1.0;0.0;0.0;0.0;1.0;1.0;1.0;20231212_1303;0;1;OK
cnn6;0.005;16;Adam;categorical_crossentropy;180;cancer;0;none;100;366;48;0.59;29.0;0.6;0.4;0.4;0.4;0.5;0.5;0.5;0.0;0.0;0.0;1.0;1.0;1.0;0.0;0.0;0.0;1.0;1.0;1.0;20240224_0242;0;5;OK
cnn6;0.005;16;Adam;categorical_crossentropy;180;cancer;1;none;100;568;38;0.57;21.0;0.55;0.45;0.45;0.45;0.5;0.5;0.5;0.0;0.0;0.0;1.0;1.0;1.0;0.0;0.0;0.0;1.0;1.0;1.0;20231212_1501;0;1;OK
cnn6;0.005;16;Adam;categorical_hinge;180;cancer;0;none;100;366;48;0.59;29.0;0.6;0.4;0.4;0.4000000000000001;0.5;0.5;0.5;0.0;0.0;0.0;1.0;1.0;1.0;0.0;0.0;0.0;1.0;1.0;1.0;20240224_0525;0;6;OK
cnn6;0.005;16;Adam;focal_loss;180;cancer;0;none;100;366;48;0.59;29.0;0.6;0.4;0.4;0.4000000000000001;0.5;0.5;0.5;0.0;0.0;0.0;1.0;1.0;1.0;0.0;0.0;0.0;1.0;1.0;1.0;20240224_0432;0;6;OK
cnn6;0.005;16;Adam;kl_divergence;180;cancer;0;none;100;366;48;0.59;29.0;0.6;0.4;0.4;0.4;0.5;0.5;0.5;0.0;0.0;0.0;1.0;1.0;1.0;0.0;0.0;0.0;1.0;1.0;1.0;20240224_0221;0;5;OK
cnn6;0.005;16;Adam;squared_hinge;180;cancer;0;none;100;366;48;0.59;29.0;0.6;0.4;0.4;0.4000000000000001;0.5;0.5;0.5;0.0;0.0;0.0;1.0;1.0;1.0;0.0;0.0;0.0;1.0;1.0;1.0;20240224_0510;0;6;OK
cnn6;0.005;16;SGD;binary_crossentropy;180;cancer;0;none;100;366;48;0.59;29.0;0.6;0.4;0.4;0.4;0.5;0.5;0.5;0.0;0.0;0.0;1.0;1.0;1.0;0.0;0.0;0.0;1.0;1.0;1.0;20240224_0316;0;5;OK
cnn6;0.005;16;SGD;categorical_crossentropy;180;cancer;0;none;100;284;38;0.57;21.0;0.55;0.45;0.45;0.45;0.5;0.5;0.5;0.0;0.0;0.0;1.0;1.0;1.0;0.0;0.0;0.0;1.0;1.0;1.0;20231212_1309;0;1;OK
cnn6;0.005;16;SGD;categorical_crossentropy;180;cancer;0;none;100;366;48;0.59;29.0;0.6;0.4;0.4;0.4;0.5;0.5;0.5;0.0;0.0;0.0;1.0;1.0;1.0;0.0;0.0;0.0;1.0;1.0;1.0;20240224_0412;0;5;OK
cnn6;0.005;16;SGD;categorical_crossentropy;180;cancer;1;none;100;568;38;0.57;21.0;0.55;0.45;0.45;0.45;0.5;0.5;0.5;0.0;0.0;0.0;1.0;1.0;1.0;0.0;0.0;0.0;1.0;1.0;1.0;20231212_1512;0;1;OK
cnn6;0.005;16;SGD;categorical_hinge;180;cancer;0;none;100;366;48;0.59;29.0;0.6;0.4;0.4;0.4;0.5;0.5;0.5;0.0;0.0;0.0;1.0;1.0;1.0;0.0;0.0;0.0;1.0;1.0;1.0;20240224_0343;0;5;OK
cnn6;0.005;16;SGD;focal_loss;180;cancer;0;none;100;366;48;0.59;29.0;0.6;0.4;0.4;0.4;0.5;0.5;0.5;0.0;0.0;0.0;1.0;1.0;1.0;0.0;0.0;0.0;1.0;1.0;1.0;20240224_0259;0;5;OK
cnn6;0.005;16;SGD;kl_divergence;180;cancer;0;none;100;366;48;0.59;29.0;0.6;0.4;0.4;0.4;0.5;0.5;0.5;0.0;0.0;0.0;1.0;1.0;1.0;0.0;0.0;0.0;1.0;1.0;1.0;20240224_0357;0;5;OK
cnn6;0.005;16;SGD;squared_hinge;180;cancer;0;none;100;366;48;0.59;29.0;0.6;0.4;0.4;0.4;0.5;0.5;0.5;0.0;0.0;0.0;1.0;1.0;1.0;0.0;0.0;0.0;1.0;1.0;1.0;20240224_0330;0;5;OK
cnn6;0.005;32;Adam;categorical_crossentropy;180;cancer;0;none;100;284;38;0.57;21.0;0.55;0.45;0.45;0.45;0.5;0.5;0.5;0.0;0.0;0.0;1.0;1.0;1.0;0.0;0.0;0.0;1.0;1.0;1.0;20231212_1316;0;1;OK
cnn6;0.005;32;Adam;categorical_crossentropy;180;cancer;1;none;100;568;38;0.57;21.0;0.55;0.45;0.45;0.45;0.5;0.5;0.5;0.0;0.0;0.0;1.0;1.0;1.0;0.0;0.0;0.0;1.0;1.0;1.0;20231212_1523;0;1;OK
cnn6;0.005;32;SGD;categorical_crossentropy;180;cancer;0;none;100;284;38;0.57;21.0;0.55;0.45;0.45;0.45;0.5;0.5;0.5;0.0;0.0;0.0;1.0;1.0;1.0;0.0;0.0;0.0;1.0;1.0;1.0;20231212_1323;0;1;OK
cnn6;0.005;32;SGD;categorical_crossentropy;180;cancer;1;none;100;568;38;0.57;21.0;0.55;0.45;0.45;0.45;0.5;0.5;0.5;0.0;0.0;0.0;1.0;1.0;1.0;0.0;0.0;0.0;1.0;1.0;1.0;20231212_1533;0;1;OK
cnn6;0.01;8;Adam;categorical_crossentropy;180;cancer;0;none;100;284;38;0.57;21.0;0.55;0.45;0.45;0.45;0.5;0.5;0.5;0.0;0.0;0.0;1.0;1.0;1.0;0.0;0.0;0.0;1.0;1.0;1.0;20231212_1203;0;1;OK
cnn6;0.01;8;Adam;categorical_crossentropy;180;cancer;1;none;100;568;38;0.57;21.0;0.55;0.45;0.45;0.45;0.5;0.5;0.5;0.0;0.0;0.0;1.0;1.0;1.0;0.0;0.0;0.0;1.0;1.0;1.0;20231212_1334;0;1;OK
cnn6;0.01;8;SGD;categorical_crossentropy;180;cancer;0;none;100;284;38;0.57;21.0;0.55;0.45;0.45;0.45;0.5;0.5;0.5;0.0;0.0;0.0;1.0;1.0;1.0;0.0;0.0;0.0;1.0;1.0;1.0;20231212_1210;0;1;OK
cnn6;0.01;8;SGD;categorical_crossentropy;180;cancer;1;none;100;568;38;0.57;21.0;0.55;0.45;0.45;0.45;0.5;0.5;0.5;0.0;0.0;0.0;1.0;1.0;1.0;0.0;0.0;0.0;1.0;1.0;1.0;20231212_1345;0;1;OK
cnn6;0.01;16;Adam;categorical_crossentropy;180;cancer;0;none;100;284;38;0.57;21.0;0.55;0.45;0.45;0.45;0.5;0.5;0.5;0.0;0.0;0.0;1.0;1.0;1.0;0.0;0.0;0.0;1.0;1.0;1.0;20231212_1217;0;1;OK
cnn6;0.01;16;Adam;categorical_crossentropy;180;cancer;1;none;100;568;38;0.57;21.0;0.55;0.45;0.45;0.45;0.5;0.5;0.5;0.0;0.0;0.0;1.0;1.0;1.0;0.0;0.0;0.0;1.0;1.0;1.0;20231212_1356;0;1;OK
cnn6;0.01;16;SGD;categorical_crossentropy;180;cancer;0;none;100;284;38;0.57;21.0;0.55;0.45;0.45;0.45;0.5;0.5;0.5;0.0;0.0;0.0;1.0;1.0;1.0;0.0;0.0;0.0;1.0;1.0;1.0;20231212_1224;0;1;OK
cnn6;0.01;16;SGD;categorical_crossentropy;180;cancer;1;none;100;568;38;0.57;21.0;0.55;0.45;0.45;0.45;0.5;0.5;0.5;0.0;0.0;0.0;1.0;1.0;1.0;0.0;0.0;0.0;1.0;1.0;1.0;20231212_1407;0;1;OK
cnn6;0.01;32;Adam;categorical_crossentropy;180;cancer;0;none;100;284;38;0.57;21.0;0.55;0.45;0.45;0.45;0.5;0.5;0.5;0.0;0.0;0.0;1.0;1.0;1.0;0.0;0.0;0.0;1.0;1.0;1.0;20231212_1231;0;1;OK
cnn6;0.01;32;Adam;categorical_crossentropy;180;cancer;1;none;100;568;38;0.57;21.0;0.55;0.45;0.45;0.45;0.5;0.5;0.5;0.0;0.0;0.0;1.0;1.0;1.0;0.0;0.0;0.0;1.0;1.0;1.0;20231212_1419;0;1;OK
cnn6;0.01;32;SGD;categorical_crossentropy;180;cancer;0;none;100;284;38;0.57;21.0;0.55;0.45;0.45;0.45;0.5;0.5;0.5;0.0;0.0;0.0;1.0;1.0;1.0;0.0;0.0;0.0;1.0;1.0;1.0;20231212_1238;0;1;OK
cnn6;0.01;32;SGD;categorical_crossentropy;180;cancer;1;none;100;568;38;0.57;21.0;0.55;0.45;0.45;0.45;0.5;0.5;0.5;0.0;0.0;0.0;1.0;1.0;1.0;0.0;0.0;0.0;1.0;1.0;1.0;20231212_1429;0;1;OK
cnn7;0.005;8;Adam;categorical_crossentropy;180;cancer;0;none;100;284;38;0.57;21.0;0.55;0.45;0.45;0.45;0.5;0.5;0.5;0.0;0.0;0.0;1.0;1.0;1.0;0.0;0.0;0.0;1.0;1.0;1.0;20231212_1247;0;1;OK
cnn7;0.005;8;Adam;categorical_crossentropy;180;cancer;1;none;100;568;38;0.57;21.0;0.55;0.45;0.45;0.45;0.5;0.5;0.5;0.0;0.0;0.0;1.0;1.0;1.0;0.0;0.0;0.0;1.0;1.0;1.0;20231212_1441;0;1;OK
cnn7;0.005;8;SGD;categorical_crossentropy;180;cancer;0;none;100;284;38;0.57;21.0;0.55;0.45;0.45;0.45;0.5;0.5;0.5;0.0;0.0;0.0;1.0;1.0;1.0;0.0;0.0;0.0;1.0;1.0;1.0;20231212_1255;0;1;OK
cnn7;0.005;8;SGD;categorical_crossentropy;180;cancer;1;none;100;568;38;0.57;21.0;0.55;0.45;0.45;0.45;0.5;0.5;0.5;0.0;0.0;0.0;1.0;1.0;1.0;0.0;0.0;0.0;1.0;1.0;1.0;20231212_1451;0;1;OK
cnn7;0.005;16;Adam;binary_crossentropy;180;cancer;0;none;100;366;48;0.59;29.0;0.6;0.4;0.4;0.4000000000000001;0.5;0.5;0.5;0.0;0.0;0.0;1.0;1.0;1.0;0.0;0.0;0.0;1.0;1.0;1.0;20240224_0451;0;6;OK
cnn7;0.005;16;Adam;categorical_crossentropy;180;cancer;0;none;100;284;38;0.57;21.0;0.55;0.45;0.45;0.45;0.5;0.5;0.5;0.0;0.0;0.0;1.0;1.0;1.0;0.0;0.0;0.0;1.0;1.0;1.0;20231212_1303;0;1;OK
cnn7;0.005;16;Adam;categorical_crossentropy;180;cancer;0;none;100;366;48;0.59;29.0;0.6;0.4;0.4;0.4;0.5;0.5;0.5;0.0;0.0;0.0;1.0;1.0;1.0;0.0;0.0;0.0;1.0;1.0;1.0;20240224_0242;0;5;OK
cnn7;0.005;16;Adam;categorical_crossentropy;180;cancer;1;none;100;568;38;0.57;21.0;0.55;0.45;0.45;0.45;0.5;0.5;0.5;0.0;0.0;0.0;1.0;1.0;1.0;0.0;0.0;0.0;1.0;1.0;1.0;20231212_1502;0;1;OK
cnn7;0.005;16;Adam;categorical_hinge;180;cancer;0;none;100;366;48;0.59;29.0;0.6;0.4;0.4;0.4000000000000001;0.5;0.5;0.5;0.0;0.0;0.0;1.0;1.0;1.0;0.0;0.0;0.0;1.0;1.0;1.0;20240224_0526;0;6;OK
cnn7;0.005;16;Adam;focal_loss;180;cancer;0;none;100;366;48;0.59;29.0;0.6;0.4;0.4;0.4000000000000001;0.5;0.5;0.5;0.0;0.0;0.0;1.0;1.0;1.0;0.0;0.0;0.0;1.0;1.0;1.0;20240224_0432;0;6;OK
cnn7;0.005;16;Adam;kl_divergence;180;cancer;0;none;100;366;48;0.59;29.0;0.6;0.4;0.4;0.4;0.5;0.5;0.5;0.0;0.0;0.0;1.0;1.0;1.0;0.0;0.0;0.0;1.0;1.0;1.0;20240224_0222;0;5;OK
cnn7;0.005;16;Adam;squared_hinge;180;cancer;0;none;100;366;48;0.59;29.0;0.6;0.4;0.4;0.4000000000000001;0.5;0.5;0.5;0.0;0.0;0.0;1.0;1.0;1.0;0.0;0.0;0.0;1.0;1.0;1.0;20240224_0511;0;6;OK
cnn7;0.005;16;SGD;binary_crossentropy;180;cancer;0;none;100;366;48;0.59;29.0;0.6;0.4;0.4;0.4;0.5;0.5;0.5;0.0;0.0;0.0;1.0;1.0;1.0;0.0;0.0;0.0;1.0;1.0;1.0;20240224_0317;0;5;OK
cnn7;0.005;16;SGD;categorical_crossentropy;180;cancer;0;none;100;284;38;0.57;21.0;0.55;0.45;0.45;0.45;0.5;0.5;0.5;0.0;0.0;0.0;1.0;1.0;1.0;0.0;0.0;0.0;1.0;1.0;1.0;20231212_1310;0;1;OK
cnn7;0.005;16;SGD;categorical_crossentropy;180;cancer;0;none;100;366;48;0.59;29.0;0.6;0.4;0.4;0.4;0.5;0.5;0.5;0.0;0.0;0.0;1.0;1.0;1.0;0.0;0.0;0.0;1.0;1.0;1.0;20240224_0413;0;5;OK
cnn7;0.005;16;SGD;categorical_crossentropy;180;cancer;1;none;100;568;38;0.57;21.0;0.55;0.45;0.45;0.45;0.5;0.5;0.5;0.0;0.0;0.0;1.0;1.0;1.0;0.0;0.0;0.0;1.0;1.0;1.0;20231212_1512;0;1;OK
cnn7;0.005;16;SGD;categorical_hinge;180;cancer;0;none;100;366;48;0.59;29.0;0.6;0.4;0.4;0.4;0.5;0.5;0.5;0.0;0.0;0.0;1.0;1.0;1.0;0.0;0.0;0.0;1.0;1.0;1.0;20240224_0344;0;5;OK
cnn7;0.005;16;SGD;focal_loss;180;cancer;0;none;100;366;48;0.59;29.0;0.6;0.4;0.4;0.4;0.5;0.5;0.5;0.0;0.0;0.0;1.0;1.0;1.0;0.0;0.0;0.0;1.0;1.0;1.0;20240224_0259;0;5;OK
cnn7;0.005;16;SGD;kl_divergence;180;cancer;0;none;100;366;48;0.59;29.0;0.6;0.4;0.4;0.4;0.5;0.5;0.5;0.0;0.0;0.0;1.0;1.0;1.0;0.0;0.0;0.0;1.0;1.0;1.0;20240224_0357;0;5;OK
cnn7;0.005;16;SGD;squared_hinge;180;cancer;0;none;100;366;48;0.59;29.0;0.6;0.4;0.4;0.4;0.5;0.5;0.5;0.0;0.0;0.0;1.0;1.0;1.0;0.0;0.0;0.0;1.0;1.0;1.0;20240224_0330;0;5;OK
cnn7;0.005;32;Adam;categorical_crossentropy;180;cancer;0;none;100;284;38;0.57;21.0;0.55;0.45;0.45;0.45;0.5;0.5;0.5;0.0;0.0;0.0;1.0;1.0;1.0;0.0;0.0;0.0;1.0;1.0;1.0;20231212_1317;0;1;OK
cnn7;0.005;32;Adam;categorical_crossentropy;180;cancer;1;none;100;568;38;0.57;21.0;0.55;0.45;0.45;0.45;0.5;0.5;0.5;0.0;0.0;0.0;1.0;1.0;1.0;0.0;0.0;0.0;1.0;1.0;1.0;20231212_1523;0;1;OK
cnn7;0.005;32;SGD;categorical_crossentropy;180;cancer;0;none;100;284;38;0.57;21.0;0.55;0.45;0.45;0.45;0.5;0.5;0.5;0.0;0.0;0.0;1.0;1.0;1.0;0.0;0.0;0.0;1.0;1.0;1.0;20231212_1323;0;1;OK
cnn7;0.005;32;SGD;categorical_crossentropy;180;cancer;1;none;100;568;38;0.57;21.0;0.55;0.45;0.45;0.45;0.5;0.5;0.5;0.0;0.0;0.0;1.0;1.0;1.0;0.0;0.0;0.0;1.0;1.0;1.0;20231212_1533;0;1;OK
cnn7;0.01;8;Adam;categorical_crossentropy;180;cancer;0;none;100;284;38;0.57;21.0;0.55;0.45;0.45;0.45;0.5;0.5;0.5;0.0;0.0;0.0;1.0;1.0;1.0;0.0;0.0;0.0;1.0;1.0;1.0;20231212_1203;0;1;OK
cnn7;0.01;8;Adam;categorical_crossentropy;180;cancer;1;none;100;568;38;0.57;21.0;0.55;0.45;0.45;0.45;0.5;0.5;0.5;0.0;0.0;0.0;1.0;1.0;1.0;0.0;0.0;0.0;1.0;1.0;1.0;20231212_1335;0;1;OK
cnn7;0.01;8;SGD;categorical_crossentropy;180;cancer;0;none;100;284;38;0.57;21.0;0.55;0.45;0.45;0.45;0.5;0.5;0.5;0.0;0.0;0.0;1.0;1.0;1.0;0.0;0.0;0.0;1.0;1.0;1.0;20231212_1210;0;1;OK
cnn7;0.01;8;SGD;categorical_crossentropy;180;cancer;1;none;100;568;38;0.57;21.0;0.55;0.45;0.45;0.45;0.5;0.5;0.5;0.0;0.0;0.0;1.0;1.0;1.0;0.0;0.0;0.0;1.0;1.0;1.0;20231212_1346;0;1;OK
cnn7;0.01;16;Adam;categorical_crossentropy;180;cancer;0;none;100;284;38;0.57;21.0;0.55;0.45;0.45;0.45;0.5;0.5;0.5;0.0;0.0;0.0;1.0;1.0;1.0;0.0;0.0;0.0;1.0;1.0;1.0;20231212_1218;0;1;OK
cnn7;0.01;16;Adam;categorical_crossentropy;180;cancer;1;none;100;568;38;0.57;21.0;0.55;0.45;0.45;0.45;0.5;0.5;0.5;0.0;0.0;0.0;1.0;1.0;1.0;0.0;0.0;0.0;1.0;1.0;1.0;20231212_1357;0;1;OK
cnn7;0.01;16;SGD;categorical_crossentropy;180;cancer;0;none;100;284;38;0.57;21.0;0.55;0.45;0.45;0.45;0.5;0.5;0.5;0.0;0.0;0.0;1.0;1.0;1.0;0.0;0.0;0.0;1.0;1.0;1.0;20231212_1224;0;1;OK
cnn7;0.01;16;SGD;categorical_crossentropy;180;cancer;1;none;100;568;38;0.57;21.0;0.55;0.45;0.45;0.45;0.5;0.5;0.5;0.0;0.0;0.0;1.0;1.0;1.0;0.0;0.0;0.0;1.0;1.0;1.0;20231212_1407;0;1;OK
cnn7;0.01;32;Adam;categorical_crossentropy;180;cancer;0;none;100;284;38;0.57;21.0;0.55;0.45;0.45;0.45;0.5;0.5;0.5;0.0;0.0;0.0;1.0;1.0;1.0;0.0;0.0;0.0;1.0;1.0;1.0;20231212_1232;0;1;OK
cnn7;0.01;32;Adam;categorical_crossentropy;180;cancer;1;none;100;568;38;0.57;21.0;0.55;0.45;0.45;0.45;0.5;0.5;0.5;0.0;0.0;0.0;1.0;1.0;1.0;0.0;0.0;0.0;1.0;1.0;1.0;20231212_1419;0;1;OK
cnn7;0.01;32;SGD;categorical_crossentropy;180;cancer;0;none;100;284;38;0.57;21.0;0.55;0.45;0.45;0.45;0.5;0.5;0.5;0.0;0.0;0.0;1.0;1.0;1.0;0.0;0.0;0.0;1.0;1.0;1.0;20231212_1238;0;1;OK
cnn7;0.01;32;SGD;categorical_crossentropy;180;cancer;1;none;100;568;38;0.57;21.0;0.55;0.45;0.45;0.45;0.5;0.5;0.5;0.0;0.0;0.0;1.0;1.0;1.0;0.0;0.0;0.0;1.0;1.0;1.0;20231212_1429;0;1;OK
denseNet121;0.005;8;Adam;categorical_crossentropy;180;cancer;0;none;100;284;38;0.57;21.0;0.55;0.45;0.45;0.45;0.5;0.5;0.5;0.0;0.0;0.0;1.0;1.0;1.0;0.0;0.0;0.0;1.0;1.0;1.0;20231212_1245;2;1;OK
denseNet121;0.005;8;Adam;categorical_crossentropy;180;cancer;1;none;100;568;38;0.57;21.0;0.55;0.45;0.45;0.45;0.5;0.5;0.5;0.0;0.0;0.0;1.0;1.0;1.0;0.0;0.0;0.0;1.0;1.0;1.0;20231212_1438;4;1;OK
denseNet121;0.005;8;SGD;categorical_crossentropy;180;cancer;0;none;100;284;38;0.57;21.0;0.55;0.66;0.66;0.66;0.6;0.6;0.6;0.81;0.81;0.81;0.47;0.47;0.47;0.65;0.65;0.65;0.5134252;0.5134252;0.5134252;20231212_1253;2;1;OK
denseNet121;0.005;8;SGD;categorical_crossentropy;180;cancer;1;none;100;568;38;0.57;21.0;0.55;0.71;0.71;0.71;0.58;0.58;0.58;0.9;0.9;0.9;0.47;0.47;0.47;0.68;0.68;0.68;0.5898071;0.5898071;0.5898071;20231212_1448;3;1;OK
denseNet121;0.005;16;Adam;binary_crossentropy;180;cancer;0;none;100;366;48;0.59;29.0;0.6;0.4;0.71;0.62;0.5;0.67;0.59;0.0;0.83;0.615;0.42;1.0;0.6216666666666667;0.0;0.76;0.5966666666666667;0.13206282;1.0;0.65987604;20240224_0448;29;6;OK
denseNet121;0.005;16;Adam;categorical_crossentropy;180;cancer;0;none;100;284;38;0.57;21.0;0.55;0.45;0.45;0.45;0.5;0.5;0.5;0.0;0.0;0.0;1.0;1.0;1.0;0.0;0.0;0.0;1.0;1.0;1.0;20231212_1301;2;1;OK
denseNet121;0.005;16;Adam;categorical_crossentropy;180;cancer;0;none;100;366;48;0.59;29.0;0.6;0.4;0.67;0.584;0.5;0.69;0.622;0.0;0.72;0.476;0.58;1.0;0.746;0.0;0.79;0.594;0.43865708;1.0;0.653504828;20240224_0239;27;5;OK
denseNet121;0.005;16;Adam;categorical_crossentropy;180;cancer;1;none;100;568;38;0.57;21.0;0.55;0.45;0.45;0.45;0.5;0.5;0.5;0.0;0.0;0.0;1.0;1.0;1.0;0.0;0.0;0.0;1.0;1.0;1.0;20231212_1459;3;1;OK
denseNet121;0.005;16;Adam;categorical_hinge;180;cancer;0;none;100;366;48;0.59;29.0;0.6;0.4;0.62;0.5366666666666666;0.47;0.59;0.5216666666666666;0.0;0.86;0.5333333333333333;0.21;1.0;0.5433333333333333;0.0;0.68;0.43;0.9999622;1.0;0.9999934833333333;20240224_0523;23;6;OK
denseNet121;0.005;16;Adam;focal_loss;180;cancer;0;none;100;366;48;0.59;29.0;0.6;0.52;0.75;0.6483333333333333;0.5;0.75;0.62;0.38;0.79;0.66;0.47;0.74;0.63;0.67;0.79;0.7316666666666668;0.45075792;0.5687011;0.5067469133333333;20240224_0429;31;6;OK
denseNet121;0.005;16;Adam;kl_divergence;180;cancer;0;none;100;366;48;0.59;29.0;0.6;0.4;0.75;0.63;0.5;0.7;0.614;0.0;0.86;0.594;0.47;1.0;0.6839999999999999;0.0;0.81;0.592;0.2847297;1.0;0.614216348;20240224_0219;25;5;OK
denseNet121;0.005;16;Adam;squared_hinge;180;cancer;0;none;100;366;48;0.59;29.0;0.6;0.4;0.62;0.47000000000000003;0.5;0.59;0.525;0.0;0.86;0.24166666666666667;0.26;1.0;0.815;0.0;0.71;0.225;4.250838e-09;1.0;0.8333333340418063;20240224_0508;20;6;OK
denseNet121;0.005;16;SGD;binary_crossentropy;180;cancer;0;none;100;366;48;0.59;29.0;0.6;0.58;0.62;0.6;0.47;0.6;0.538;0.59;0.79;0.662;0.37;0.63;0.516;0.66;0.71;0.6799999999999999;0.51176745;0.55538327;0.535691656;20240224_0314;10;5;OK
denseNet121;0.005;16;SGD;categorical_crossentropy;180;cancer;0;none;100;284;38;0.57;21.0;0.55;0.71;0.71;0.71;0.66;0.66;0.66;0.81;0.81;0.81;0.59;0.59;0.59;0.71;0.71;0.71;0.5131878;0.5131878;0.5131878;20231212_1308;2;1;OK
denseNet121;0.005;16;SGD;categorical_crossentropy;180;cancer;0;none;100;366;48;0.59;29.0;0.6;0.54;0.73;0.5980000000000001;0.51;0.69;0.556;0.48;0.79;0.6060000000000001;0.53;0.63;0.5900000000000001;0.64;0.77;0.692;0.506746;0.5424781;0.521364138;20240224_0409;10;5;OK
denseNet121;0.005;16;SGD;categorical_crossentropy;180;cancer;1;none;100;568;38;0.57;21.0;0.55;0.66;0.66;0.66;0.65;0.65;0.65;0.81;0.81;0.81;0.47;0.47;0.47;0.65;0.65;0.65;0.5317569;0.5317569;0.5317569;20231212_1509;3;1;OK
denseNet121;0.005;16;SGD;categorical_hinge;180;cancer;0;none;100;366;48;0.59;29.0;0.6;0.52;0.6;0.572;0.45;0.56;0.49000000000000005;0.41;0.79;0.618;0.32;0.68;0.506;0.64;0.7;0.664;0.546228;0.58298415;0.56443548;20240224_0341;10;5;OK
denseNet121;0.005;16;SGD;focal_loss;180;cancer;0;none;100;366;48;0.59;29.0;0.6;0.56;0.62;0.6;0.47;0.58;0.538;0.48;0.79;0.654;0.32;0.68;0.526;0.64;0.71;0.6839999999999999;0.50013494;0.5302764;0.513694102;20240224_0255;11;5;OK
denseNet121;0.005;16;SGD;kl_divergence;180;cancer;0;none;100;366;48;0.59;29.0;0.6;0.56;0.62;0.6;0.45;0.56;0.508;0.66;0.76;0.71;0.32;0.58;0.442;0.62;0.7;0.664;0.51164585;0.5259513;0.519204196;20240224_0354;11;5;OK
denseNet121;0.005;16;SGD;squared_hinge;180;cancer;0;none;100;366;48;0.59;29.0;0.6;0.4;0.65;0.554;0.31;0.67;0.4960000000000001;0.38;0.72;0.58;0.42;0.68;0.514;0.5;0.75;0.642;0.518656;0.58776844;0.550951822;20240224_0327;10;5;OK
denseNet121;0.005;32;Adam;categorical_crossentropy;180;cancer;0;none;100;284;38;0.57;21.0;0.55;0.45;0.45;0.45;0.5;0.5;0.5;0.0;0.0;0.0;1.0;1.0;1.0;0.0;0.0;0.0;1.0;1.0;1.0;20231212_1315;2;1;OK
denseNet121;0.005;32;Adam;categorical_crossentropy;180;cancer;1;none;100;568;38;0.57;21.0;0.55;0.74;0.74;0.74;0.7;0.7;0.7;0.86;0.86;0.86;0.59;0.59;0.59;0.72;0.72;0.72;0.58566487;0.58566487;0.58566487;20231212_1521;5;1;OK
denseNet121;0.005;32;SGD;categorical_crossentropy;180;cancer;0;none;100;284;38;0.57;21.0;0.55;0.74;0.74;0.74;0.64;0.64;0.64;0.86;0.86;0.86;0.59;0.59;0.59;0.72;0.72;0.72;0.50553197;0.50553197;0.50553197;20231212_1321;2;1;OK
denseNet121;0.005;32;SGD;categorical_crossentropy;180;cancer;1;none;100;568;38;0.57;21.0;0.55;0.55;0.55;0.55;0.34;0.34;0.34;0.71;0.71;0.71;0.35;0.35;0.35;0.58;0.58;0.58;0.5578807;0.5578807;0.5578807;20231212_1530;3;1;OK
denseNet121;0.01;8;Adam;categorical_crossentropy;180;cancer;0;none;100;284;38;0.57;21.0;0.55;0.53;0.53;0.53;0.32;0.32;0.32;0.71;0.71;0.71;0.29;0.29;0.29;0.56;0.56;0.56;0.9863067;0.9863067;0.9863067;20231212_1201;3;1;OK
denseNet121;0.01;8;Adam;categorical_crossentropy;180;cancer;1;none;100;568;38;0.57;21.0;0.55;0.53;0.53;0.53;0.48;0.48;0.48;0.76;0.76;0.76;0.24;0.24;0.24;0.55;0.55;0.55;1.0;1.0;1.0;20231212_1332;4;1;OK
denseNet121;0.01;8;SGD;categorical_crossentropy;180;cancer;0;none;100;284;38;0.57;21.0;0.55;0.66;0.66;0.66;0.68;0.68;0.68;0.62;0.62;0.62;0.71;0.71;0.71;0.72;0.72;0.72;0.58700025;0.58700025;0.58700025;20231212_1208;2;1;OK
denseNet121;0.01;8;SGD;categorical_crossentropy;180;cancer;1;none;100;568;38;0.57;21.0;0.55;0.58;0.58;0.58;0.45;0.45;0.45;0.67;0.67;0.67;0.47;0.47;0.47;0.61;0.61;0.61;0.52979183;0.52979183;0.52979183;20231212_1342;3;1;OK
denseNet121;0.01;16;Adam;categorical_crossentropy;180;cancer;0;none;100;284;38;0.57;21.0;0.55;0.45;0.45;0.45;0.5;0.5;0.5;0.0;0.0;0.0;1.0;1.0;1.0;0.0;0.0;0.0;1.0;1.0;1.0;20231212_1216;2;1;OK
denseNet121;0.01;16;Adam;categorical_crossentropy;180;cancer;1;none;100;568;38;0.57;21.0;0.55;0.47;0.47;0.47;0.38;0.38;0.38;0.48;0.48;0.48;0.47;0.47;0.47;0.53;0.53;0.53;0.5579443;0.5579443;0.5579443;20231212_1354;5;1;OK
denseNet121;0.01;16;SGD;categorical_crossentropy;180;cancer;0;none;100;284;38;0.57;21.0;0.55;0.71;0.71;0.71;0.67;0.67;0.67;0.81;0.81;0.81;0.59;0.59;0.59;0.71;0.71;0.71;0.5432623;0.5432623;0.5432623;20231212_1223;3;1;OK
denseNet121;0.01;16;SGD;categorical_crossentropy;180;cancer;1;none;100;568;38;0.57;21.0;0.55;0.68;0.68;0.68;0.68;0.68;0.68;0.71;0.71;0.71;0.65;0.65;0.65;0.71;0.71;0.71;0.5306033;0.5306033;0.5306033;20231212_1404;3;1;OK
denseNet121;0.01;32;Adam;categorical_crossentropy;180;cancer;0;none;100;284;38;0.57;21.0;0.55;0.45;0.45;0.45;0.5;0.5;0.5;0.0;0.0;0.0;1.0;1.0;1.0;0.0;0.0;0.0;1.0;1.0;1.0;20231212_1230;2;1;OK
denseNet121;0.01;32;Adam;categorical_crossentropy;180;cancer;1;none;100;568;38;0.57;21.0;0.55;0.68;0.68;0.68;0.71;0.71;0.71;0.67;0.67;0.67;0.71;0.71;0.71;0.74;0.74;0.74;0.5922701;0.5922701;0.5922701;20231212_1417;5;1;OK
denseNet121;0.01;32;SGD;categorical_crossentropy;180;cancer;0;none;100;284;38;0.57;21.0;0.55;0.71;0.71;0.71;0.68;0.68;0.68;0.9;0.9;0.9;0.47;0.47;0.47;0.68;0.68;0.68;0.5166059;0.5166059;0.5166059;20231212_1236;2;1;OK
denseNet121;0.01;32;SGD;categorical_crossentropy;180;cancer;1;none;100;568;38;0.57;21.0;0.55;0.55;0.55;0.55;0.46;0.46;0.46;0.62;0.62;0.62;0.47;0.47;0.47;0.59;0.59;0.59;0.54093087;0.54093087;0.54093087;20231212_1426;3;1;OK
denseNet201;0.005;8;Adam;categorical_crossentropy;180;cancer;0;none;100;284;38;0.57;21.0;0.55;0.63;0.63;0.63;0.6;0.6;0.6;0.71;0.71;0.71;0.53;0.53;0.53;0.65;0.65;0.65;0.5392453;0.5392453;0.5392453;20231212_1243;5;1;OK
denseNet201;0.005;8;Adam;categorical_crossentropy;180;cancer;1;none;100;568;38;0.57;21.0;0.55;0.66;0.66;0.66;0.63;0.63;0.63;0.71;0.71;0.71;0.59;0.59;0.59;0.68;0.68;0.68;0.531255;0.531255;0.531255;20231212_1435;6;1;OK
denseNet201;0.005;8;SGD;categorical_crossentropy;180;cancer;0;none;100;284;38;0.57;21.0;0.55;0.79;0.79;0.79;0.73;0.73;0.73;0.95;0.95;0.95;0.59;0.59;0.59;0.74;0.74;0.74;0.64382213;0.64382213;0.64382213;20231212_1252;6;1;OK
denseNet201;0.005;8;SGD;categorical_crossentropy;180;cancer;1;none;100;568;38;0.57;21.0;0.55;0.53;0.53;0.53;0.48;0.48;0.48;0.48;0.48;0.48;0.59;0.59;0.59;0.59;0.59;0.59;0.5568282;0.5568282;0.5568282;20231212_1446;6;1;OK
denseNet201;0.005;16;Adam;binary_crossentropy;180;cancer;0;none;100;366;48;0.59;29.0;0.6;0.4;0.75;0.6066666666666667;0.5;0.75;0.6066666666666667;0.0;0.76;0.5516666666666666;0.47;1.0;0.6933333333333334;0.0;0.81;0.615;0.24538147;7.247051015;1.7661164091666668;20240224_0445;40;6;OK
denseNet201;0.005;16;Adam;categorical_crossentropy;180;cancer;0;none;100;284;38;0.57;21.0;0.55;0.71;0.71;0.71;0.62;0.62;0.62;0.81;0.81;0.81;0.59;0.59;0.59;0.71;0.71;0.71;0.6146768;0.6146768;0.6146768;20231212_1300;5;1;OK
denseNet201;0.005;16;Adam;categorical_crossentropy;180;cancer;0;none;100;366;48;0.59;29.0;0.6;0.4;0.71;0.6060000000000001;0.5;0.73;0.588;0.0;0.83;0.622;0.32;1.0;0.578;0.0;0.76;0.558;0.57494265;1.0;0.7586557820000001;20240224_0235;39;5;OK
denseNet201;0.005;16;Adam;categorical_crossentropy;180;cancer;1;none;100;568;38;0.57;21.0;0.55;0.71;0.71;0.71;0.68;0.68;0.68;0.86;0.86;0.86;0.53;0.53;0.53;0.69;0.69;0.69;0.5655771;0.5655771;0.5655771;20231212_1457;5;1;OK
denseNet201;0.005;16;Adam;categorical_hinge;180;cancer;0;none;100;366;48;0.59;29.0;0.6;0.4;0.5;0.4166666666666667;0.44;0.5;0.49;0.0;0.55;0.09166666666666667;0.42;1.0;0.9033333333333333;0.0;0.59;0.09833333333333333;0.99999976;1.0;0.9999999599999999;20240224_0521;30;6;OK
denseNet201;0.005;16;Adam;focal_loss;180;cancer;0;none;100;366;48;0.59;29.0;0.6;0.4;0.65;0.5783333333333333;0.5;0.66;0.5616666666666666;0.0;0.76;0.52;0.47;1.0;0.6749999999999999;0.0;0.79;0.595;0.512385;1.0;0.64990302;20240224_0428;44;6;OK
denseNet201;0.005;16;Adam;kl_divergence;180;cancer;0;none;100;366;48;0.59;29.0;0.6;0.4;0.73;0.604;0.5;0.71;0.62;0.0;0.79;0.544;0.58;1.0;0.694;0.0;0.77;0.584;0.3298125;1.0;0.739938548;20240224_0216;37;5;OK
denseNet201;0.005;16;Adam;squared_hinge;180;cancer;0;none;100;366;48;0.59;29.0;0.6;0.4;0.62;0.47000000000000003;0.45;0.55;0.5066666666666667;0.0;0.9;0.3;0.21;1.0;0.7283333333333334;0.0;0.65;0.3066666666666667;0.9998622;2.2229666024;1.2038048004000002;20240224_0506;28;6;OK
denseNet201;0.005;16;SGD;binary_crossentropy;180;cancer;0;none;100;366;48;0.59;29.0;0.6;0.56;0.69;0.612;0.43;0.6;0.528;0.45;0.86;0.67;0.32;0.74;0.5279999999999999;0.65;0.73;0.686;0.5338929;0.56402373;0.546752244;20240224_0312;20;5;OK
denseNet201;0.005;16;SGD;categorical_crossentropy;180;cancer;0;none;100;284;38;0.57;21.0;0.55;0.68;0.68;0.68;0.68;0.68;0.68;0.71;0.71;0.71;0.65;0.65;0.65;0.71;0.71;0.71;0.5201311;0.5201311;0.5201311;20231212_1306;3;1;OK
denseNet201;0.005;16;SGD;categorical_crossentropy;180;cancer;0;none;100;366;48;0.59;29.0;0.6;0.56;0.67;0.62;0.41;0.57;0.488;0.66;0.9;0.76;0.26;0.63;0.41200000000000003;0.62;0.73;0.6679999999999999;0.5190341;0.5497892;0.532754772;20240224_0408;20;5;OK
denseNet201;0.005;16;SGD;categorical_crossentropy;180;cancer;1;none;100;568;38;0.57;21.0;0.55;0.58;0.58;0.58;0.58;0.58;0.58;0.48;0.48;0.48;0.71;0.71;0.71;0.67;0.67;0.67;0.54148424;0.54148424;0.54148424;20231212_1508;6;1;OK
denseNet201;0.005;16;SGD;categorical_hinge;180;cancer;0;none;100;366;48;0.59;29.0;0.6;0.5;0.6;0.5559999999999999;0.4;0.51;0.462;0.48;0.72;0.6279999999999999;0.37;0.53;0.45199999999999996;0.61;0.67;0.638;0.58507407;0.6119937;0.5981214699999999;20240224_0339;20;5;OK
denseNet201;0.005;16;SGD;focal_loss;180;cancer;0;none;100;366;48;0.59;29.0;0.6;0.46;0.71;0.614;0.46;0.67;0.5780000000000001;0.41;0.72;0.606;0.53;0.68;0.62;0.57;0.78;0.704;0.5018388;0.63863254;0.56333513;20240224_0254;32;5;OK
denseNet201;0.005;16;SGD;kl_divergence;180;cancer;0;none;100;366;48;0.59;29.0;0.6;0.5;0.65;0.5980000000000001;0.42;0.64;0.528;0.41;0.79;0.6599999999999999;0.32;0.63;0.508;0.63;0.7;0.6699999999999999;0.50816834;0.5401688;0.531750468;20240224_0353;20;5;OK
denseNet201;0.005;16;SGD;squared_hinge;180;cancer;0;none;100;366;48;0.59;29.0;0.6;0.52;0.65;0.5660000000000001;0.45;0.6;0.502;0.52;0.86;0.6140000000000001;0.32;0.68;0.49399999999999994;0.61;0.71;0.654;0.5296592;0.5750907;0.55157097;20240224_0326;20;5;OK
denseNet201;0.005;32;Adam;categorical_crossentropy;180;cancer;0;none;100;284;38;0.57;21.0;0.55;0.45;0.45;0.45;0.5;0.5;0.5;0.0;0.0;0.0;1.0;1.0;1.0;0.0;0.0;0.0;1.0;1.0;1.0;20231212_1313;4;1;OK
denseNet201;0.005;32;Adam;categorical_crossentropy;180;cancer;1;none;100;568;38;0.57;21.0;0.55;0.45;0.45;0.45;0.5;0.5;0.5;0.0;0.0;0.0;1.0;1.0;1.0;0.0;0.0;0.0;1.0;1.0;1.0;20231212_1518;5;1;OK
denseNet201;0.005;32;SGD;categorical_crossentropy;180;cancer;0;none;100;284;38;0.57;21.0;0.55;0.45;0.45;0.45;0.34;0.34;0.34;0.38;0.38;0.38;0.53;0.53;0.53;0.5;0.5;0.5;0.5019014;0.5019014;0.5019014;20231212_1320;3;1;OK
denseNet201;0.005;32;SGD;categorical_crossentropy;180;cancer;1;none;100;568;38;0.57;21.0;0.55;0.5;0.5;0.5;0.45;0.45;0.45;0.43;0.43;0.43;0.59;0.59;0.59;0.56;0.56;0.56;0.55349797;0.55349797;0.55349797;20231212_1528;5;1;OK
denseNet201;0.01;8;Adam;categorical_crossentropy;180;cancer;0;none;100;284;38;0.57;21.0;0.55;0.45;0.45;0.45;0.5;0.5;0.5;0.0;0.0;0.0;1.0;1.0;1.0;0.0;0.0;0.0;1.0;1.0;1.0;20231212_1159;4;1;OK
denseNet201;0.01;8;Adam;categorical_crossentropy;180;cancer;1;none;100;568;38;0.57;21.0;0.55;0.45;0.45;0.45;0.5;0.5;0.5;0.0;0.0;0.0;1.0;1.0;1.0;0.0;0.0;0.0;1.0;1.0;1.0;20231212_1330;6;1;OK
denseNet201;0.01;8;SGD;categorical_crossentropy;180;cancer;0;none;100;284;38;0.57;21.0;0.55;0.76;0.76;0.76;0.59;0.59;0.59;0.9;0.9;0.9;0.59;0.59;0.59;0.73;0.73;0.73;0.60958433;0.60958433;0.60958433;20231212_1207;4;1;OK
denseNet201;0.01;8;SGD;categorical_crossentropy;180;cancer;1;none;100;568;38;0.57;21.0;0.55;0.5;0.5;0.5;0.33;0.33;0.33;0.67;0.67;0.67;0.29;0.29;0.29;0.54;0.54;0.54;0.55463666;0.55463666;0.55463666;20231212_1341;6;1;OK
denseNet201;0.01;16;Adam;categorical_crossentropy;180;cancer;0;none;100;284;38;0.57;21.0;0.55;0.45;0.45;0.45;0.5;0.5;0.5;0.0;0.0;0.0;1.0;1.0;1.0;0.0;0.0;0.0;1.0;1.0;1.0;20231212_1214;4;1;OK
denseNet201;0.01;16;Adam;categorical_crossentropy;180;cancer;1;none;100;568;38;0.57;21.0;0.55;0.45;0.45;0.45;0.5;0.5;0.5;0.0;0.0;0.0;1.0;1.0;1.0;0.0;0.0;0.0;1.0;1.0;1.0;20231212_1351;5;1;OK
denseNet201;0.01;16;SGD;categorical_crossentropy;180;cancer;0;none;100;284;38;0.57;21.0;0.55;0.68;0.68;0.68;0.72;0.72;0.72;0.76;0.76;0.76;0.59;0.59;0.59;0.7;0.7;0.7;0.5208347;0.5208347;0.5208347;20231212_1221;3;1;OK
denseNet201;0.01;16;SGD;categorical_crossentropy;180;cancer;1;none;100;568;38;0.57;21.0;0.55;0.68;0.68;0.68;0.68;0.68;0.68;0.67;0.67;0.67;0.71;0.71;0.71;0.74;0.74;0.74;0.5676091;0.5676091;0.5676091;20231212_1402;5;1;OK
denseNet201;0.01;32;Adam;categorical_crossentropy;180;cancer;0;none;100;284;38;0.57;21.0;0.55;0.45;0.45;0.45;0.5;0.5;0.5;0.0;0.0;0.0;1.0;1.0;1.0;0.0;0.0;0.0;1.0;1.0;1.0;20231212_1228;3;1;OK
denseNet201;0.01;32;Adam;categorical_crossentropy;180;cancer;1;none;100;568;38;0.57;21.0;0.55;0.68;0.68;0.68;0.67;0.67;0.67;0.71;0.71;0.71;0.65;0.65;0.65;0.71;0.71;0.71;0.64235157;0.64235157;0.64235157;20231212_1414;7;1;OK
denseNet201;0.01;32;SGD;categorical_crossentropy;180;cancer;0;none;100;284;38;0.57;21.0;0.55;0.5;0.5;0.5;0.43;0.43;0.43;0.52;0.52;0.52;0.47;0.47;0.47;0.55;0.55;0.55;0.6021653;0.6021653;0.6021653;20231212_1235;3;1;OK
denseNet201;0.01;32;SGD;categorical_crossentropy;180;cancer;1;none;100;568;38;0.57;21.0;0.55;0.74;0.74;0.74;0.66;0.66;0.66;0.95;0.95;0.95;0.47;0.47;0.47;0.69;0.69;0.69;0.57026833;0.57026833;0.57026833;20231212_1424;5;1;OK
